cell_id	group_id	group_role	chromosome	start	end	start_gene_index	end_gene_index	n_genes	state	state_label	source_event_id	source_state	source_start_gene_index	source_end_gene_index	export_mode	changed_from_source	provenance
R1	Normal	reference	chr1	1000000	10999999	0	9	10	1	neutral	NA	1	NA	NA	tutorial_fixture	false	tutorial_fixture;not_inference_output
R1	Normal	reference	chr1	11000000	20999999	10	19	10	1	neutral	NA	1	NA	NA	tutorial_fixture	false	tutorial_fixture;not_inference_output
R1	Normal	reference	chr1	21000000	30999999	20	29	10	1	neutral	NA	1	NA	NA	tutorial_fixture	false	tutorial_fixture;not_inference_output
R1	Normal	reference	chr1	31000000	40999999	30	39	10	1	neutral	NA	1	NA	NA	tutorial_fixture	false	tutorial_fixture;not_inference_output
R1	Normal	reference	chr1	41000000	50999999	40	49	10	1	neutral	NA	1	NA	NA	tutorial_fixture	false	tutorial_fixture;not_inference_output
R1	Normal	reference	chr1	51000000	60999999	50	59	10	1	neutral	NA	1	NA	NA	tutorial_fixture	false	tutorial_fixture;not_inference_output
R1	Normal	reference	chr1	61000000	70999999	60	69	10	1	neutral	NA	1	NA	NA	tutorial_fixture	false	tutorial_fixture;not_inference_output
R1	Normal	reference	chr1	71000000	80999999	70	79	10	1	neutral	NA	1	NA	NA	tutorial_fixture	false	tutorial_fixture;not_inference_output
R1	Normal	reference	chr1	81000000	90999999	80	89	10	1	neutral	NA	1	NA	NA	tutorial_fixture	false	tutorial_fixture;not_inference_output
R1	Normal	reference	chr1	91000000	100999999	90	99	10	1	neutral	NA	1	NA	NA	tutorial_fixture	false	tutorial_fixture;not_inference_output
R1	Normal	reference	chr2	1000000	10999999	100	109	10	1	neutral	NA	1	NA	NA	tutorial_fixture	false	tutorial_fixture;not_inference_output
R1	Normal	reference	chr2	11000000	20999999	110	119	10	1	neutral	NA	1	NA	NA	tutorial_fixture	false	tutorial_fixture;not_inference_output
R1	Normal	reference	chr2	21000000	30999999	120	129	10	1	neutral	NA	1	NA	NA	tutorial_fixture	false	tutorial_fixture;not_inference_output
R1	Normal	reference	chr2	31000000	40999999	130	139	10	1	neutral	NA	1	NA	NA	tutorial_fixture	false	tutorial_fixture;not_inference_output
R1	Normal	reference	chr2	41000000	50999999	140	149	10	1	neutral	NA	1	NA	NA	tutorial_fixture	false	tutorial_fixture;not_inference_output
R1	Normal	reference	chr2	51000000	60999999	150	159	10	1	neutral	NA	1	NA	NA	tutorial_fixture	false	tutorial_fixture;not_inference_output
R1	Normal	reference	chr2	61000000	70999999	160	169	10	1	neutral	NA	1	NA	NA	tutorial_fixture	false	tutorial_fixture;not_inference_output
R1	Normal	reference	chr2	71000000	80999999	170	179	10	1	neutral	NA	1	NA	NA	tutorial_fixture	false	tutorial_fixture;not_inference_output
R1	Normal	reference	chr2	81000000	90999999	180	189	10	1	neutral	NA	1	NA	NA	tutorial_fixture	false	tutorial_fixture;not_inference_output
R1	Normal	reference	chr2	91000000	100999999	190	199	10	1	neutral	NA	1	NA	NA	tutorial_fixture	false	tutorial_fixture;not_inference_output
R1	Normal	reference	chr3	1000000	10999999	200	209	10	1	neutral	NA	1	NA	NA	tutorial_fixture	false	tutorial_fixture;not_inference_output
R1	Normal	reference	chr3	11000000	20999999	210	219	10	1	neutral	NA	1	NA	NA	tutorial_fixture	false	tutorial_fixture;not_inference_output
R1	Normal	reference	chr3	21000000	30999999	220	229	10	1	neutral	NA	1	NA	NA	tutorial_fixture	false	tutorial_fixture;not_inference_output
R1	Normal	reference	chr3	31000000	40999999	230	239	10	1	neutral	NA	1	NA	NA	tutorial_fixture	false	tutorial_fixture;not_inference_output
R1	Normal	reference	chr3	41000000	50999999	240	249	10	1	neutral	NA	1	NA	NA	tutorial_fixture	false	tutorial_fixture;not_inference_output
R1	Normal	reference	chr3	51000000	60999999	250	259	10	1	neutral	NA	1	NA	NA	tutorial_fixture	false	tutorial_fixture;not_inference_output
R1	Normal	reference	chr3	61000000	70999999	260	269	10	1	neutral	NA	1	NA	NA	tutorial_fixture	false	tutorial_fixture;not_inference_output
R1	Normal	reference	chr3	71000000	80999999	270	279	10	1	neutral	NA	1	NA	NA	tutorial_fixture	false	tutorial_fixture;not_inference_output
R1	Normal	reference	chr3	81000000	90999999	280	289	10	1	neutral	NA	1	NA	NA	tutorial_fixture	false	tutorial_fixture;not_inference_output
R1	Normal	reference	chr3	91000000	100999999	290	299	10	1	neutral	NA	1	NA	NA	tutorial_fixture	false	tutorial_fixture;not_inference_output
R1	Normal	reference	chr4	1000000	10999999	300	309	10	1	neutral	NA	1	NA	NA	tutorial_fixture	false	tutorial_fixture;not_inference_output
R1	Normal	reference	chr4	11000000	20999999	310	319	10	1	neutral	NA	1	NA	NA	tutorial_fixture	false	tutorial_fixture;not_inference_output
R1	Normal	reference	chr4	21000000	30999999	320	329	10	1	neutral	NA	1	NA	NA	tutorial_fixture	false	tutorial_fixture;not_inference_output
R1	Normal	reference	chr4	31000000	40999999	330	339	10	1	neutral	NA	1	NA	NA	tutorial_fixture	false	tutorial_fixture;not_inference_output
R1	Normal	reference	chr4	41000000	50999999	340	349	10	1	neutral	NA	1	NA	NA	tutorial_fixture	false	tutorial_fixture;not_inference_output
R1	Normal	reference	chr4	51000000	60999999	350	359	10	1	neutral	NA	1	NA	NA	tutorial_fixture	false	tutorial_fixture;not_inference_output
R1	Normal	reference	chr4	61000000	70999999	360	369	10	1	neutral	NA	1	NA	NA	tutorial_fixture	false	tutorial_fixture;not_inference_output
R1	Normal	reference	chr4	71000000	80999999	370	379	10	1	neutral	NA	1	NA	NA	tutorial_fixture	false	tutorial_fixture;not_inference_output
R1	Normal	reference	chr4	81000000	90999999	380	389	10	1	neutral	NA	1	NA	NA	tutorial_fixture	false	tutorial_fixture;not_inference_output
R1	Normal	reference	chr4	91000000	100999999	390	399	10	1	neutral	NA	1	NA	NA	tutorial_fixture	false	tutorial_fixture;not_inference_output
R2	Normal	reference	chr1	1000000	10999999	0	9	10	1	neutral	NA	1	NA	NA	tutorial_fixture	false	tutorial_fixture;not_inference_output
R2	Normal	reference	chr1	11000000	20999999	10	19	10	1	neutral	NA	1	NA	NA	tutorial_fixture	false	tutorial_fixture;not_inference_output
R2	Normal	reference	chr1	21000000	30999999	20	29	10	1	neutral	NA	1	NA	NA	tutorial_fixture	false	tutorial_fixture;not_inference_output
R2	Normal	reference	chr1	31000000	40999999	30	39	10	1	neutral	NA	1	NA	NA	tutorial_fixture	false	tutorial_fixture;not_inference_output
R2	Normal	reference	chr1	41000000	50999999	40	49	10	1	neutral	NA	1	NA	NA	tutorial_fixture	false	tutorial_fixture;not_inference_output
R2	Normal	reference	chr1	51000000	60999999	50	59	10	1	neutral	NA	1	NA	NA	tutorial_fixture	false	tutorial_fixture;not_inference_output
R2	Normal	reference	chr1	61000000	70999999	60	69	10	1	neutral	NA	1	NA	NA	tutorial_fixture	false	tutorial_fixture;not_inference_output
R2	Normal	reference	chr1	71000000	80999999	70	79	10	1	neutral	NA	1	NA	NA	tutorial_fixture	false	tutorial_fixture;not_inference_output
R2	Normal	reference	chr1	81000000	90999999	80	89	10	1	neutral	NA	1	NA	NA	tutorial_fixture	false	tutorial_fixture;not_inference_output
R2	Normal	reference	chr1	91000000	100999999	90	99	10	1	neutral	NA	1	NA	NA	tutorial_fixture	false	tutorial_fixture;not_inference_output
R2	Normal	reference	chr2	1000000	10999999	100	109	10	1	neutral	NA	1	NA	NA	tutorial_fixture	false	tutorial_fixture;not_inference_output
R2	Normal	reference	chr2	11000000	20999999	110	119	10	1	neutral	NA	1	NA	NA	tutorial_fixture	false	tutorial_fixture;not_inference_output
R2	Normal	reference	chr2	21000000	30999999	120	129	10	1	neutral	NA	1	NA	NA	tutorial_fixture	false	tutorial_fixture;not_inference_output
R2	Normal	reference	chr2	31000000	40999999	130	139	10	1	neutral	NA	1	NA	NA	tutorial_fixture	false	tutorial_fixture;not_inference_output
R2	Normal	reference	chr2	41000000	50999999	140	149	10	1	neutral	NA	1	NA	NA	tutorial_fixture	false	tutorial_fixture;not_inference_output
R2	Normal	reference	chr2	51000000	60999999	150	159	10	1	neutral	NA	1	NA	NA	tutorial_fixture	false	tutorial_fixture;not_inference_output
R2	Normal	reference	chr2	61000000	70999999	160	169	10	1	neutral	NA	1	NA	NA	tutorial_fixture	false	tutorial_fixture;not_inference_output
R2	Normal	reference	chr2	71000000	80999999	170	179	10	1	neutral	NA	1	NA	NA	tutorial_fixture	false	tutorial_fixture;not_inference_output
R2	Normal	reference	chr2	81000000	90999999	180	189	10	1	neutral	NA	1	NA	NA	tutorial_fixture	false	tutorial_fixture;not_inference_output
R2	Normal	reference	chr2	91000000	100999999	190	199	10	1	neutral	NA	1	NA	NA	tutorial_fixture	false	tutorial_fixture;not_inference_output
R2	Normal	reference	chr3	1000000	10999999	200	209	10	1	neutral	NA	1	NA	NA	tutorial_fixture	false	tutorial_fixture;not_inference_output
R2	Normal	reference	chr3	11000000	20999999	210	219	10	1	neutral	NA	1	NA	NA	tutorial_fixture	false	tutorial_fixture;not_inference_output
R2	Normal	reference	chr3	21000000	30999999	220	229	10	1	neutral	NA	1	NA	NA	tutorial_fixture	false	tutorial_fixture;not_inference_output
R2	Normal	reference	chr3	31000000	40999999	230	239	10	1	neutral	NA	1	NA	NA	tutorial_fixture	false	tutorial_fixture;not_inference_output
R2	Normal	reference	chr3	41000000	50999999	240	249	10	1	neutral	NA	1	NA	NA	tutorial_fixture	false	tutorial_fixture;not_inference_output
R2	Normal	reference	chr3	51000000	60999999	250	259	10	1	neutral	NA	1	NA	NA	tutorial_fixture	false	tutorial_fixture;not_inference_output
R2	Normal	reference	chr3	61000000	70999999	260	269	10	1	neutral	NA	1	NA	NA	tutorial_fixture	false	tutorial_fixture;not_inference_output
R2	Normal	reference	chr3	71000000	80999999	270	279	10	1	neutral	NA	1	NA	NA	tutorial_fixture	false	tutorial_fixture;not_inference_output
R2	Normal	reference	chr3	81000000	90999999	280	289	10	1	neutral	NA	1	NA	NA	tutorial_fixture	false	tutorial_fixture;not_inference_output
R2	Normal	reference	chr3	91000000	100999999	290	299	10	1	neutral	NA	1	NA	NA	tutorial_fixture	false	tutorial_fixture;not_inference_output
R2	Normal	reference	chr4	1000000	10999999	300	309	10	1	neutral	NA	1	NA	NA	tutorial_fixture	false	tutorial_fixture;not_inference_output
R2	Normal	reference	chr4	11000000	20999999	310	319	10	1	neutral	NA	1	NA	NA	tutorial_fixture	false	tutorial_fixture;not_inference_output
R2	Normal	reference	chr4	21000000	30999999	320	329	10	1	neutral	NA	1	NA	NA	tutorial_fixture	false	tutorial_fixture;not_inference_output
R2	Normal	reference	chr4	31000000	40999999	330	339	10	1	neutral	NA	1	NA	NA	tutorial_fixture	false	tutorial_fixture;not_inference_output
R2	Normal	reference	chr4	41000000	50999999	340	349	10	1	neutral	NA	1	NA	NA	tutorial_fixture	false	tutorial_fixture;not_inference_output
R2	Normal	reference	chr4	51000000	60999999	350	359	10	1	neutral	NA	1	NA	NA	tutorial_fixture	false	tutorial_fixture;not_inference_output
R2	Normal	reference	chr4	61000000	70999999	360	369	10	1	neutral	NA	1	NA	NA	tutorial_fixture	false	tutorial_fixture;not_inference_output
R2	Normal	reference	chr4	71000000	80999999	370	379	10	1	neutral	NA	1	NA	NA	tutorial_fixture	false	tutorial_fixture;not_inference_output
R2	Normal	reference	chr4	81000000	90999999	380	389	10	1	neutral	NA	1	NA	NA	tutorial_fixture	false	tutorial_fixture;not_inference_output
R2	Normal	reference	chr4	91000000	100999999	390	399	10	1	neutral	NA	1	NA	NA	tutorial_fixture	false	tutorial_fixture;not_inference_output
R3	Normal	reference	chr1	1000000	10999999	0	9	10	1	neutral	NA	1	NA	NA	tutorial_fixture	false	tutorial_fixture;not_inference_output
R3	Normal	reference	chr1	11000000	20999999	10	19	10	1	neutral	NA	1	NA	NA	tutorial_fixture	false	tutorial_fixture;not_inference_output
R3	Normal	reference	chr1	21000000	30999999	20	29	10	1	neutral	NA	1	NA	NA	tutorial_fixture	false	tutorial_fixture;not_inference_output
R3	Normal	reference	chr1	31000000	40999999	30	39	10	1	neutral	NA	1	NA	NA	tutorial_fixture	false	tutorial_fixture;not_inference_output
R3	Normal	reference	chr1	41000000	50999999	40	49	10	1	neutral	NA	1	NA	NA	tutorial_fixture	false	tutorial_fixture;not_inference_output
R3	Normal	reference	chr1	51000000	60999999	50	59	10	1	neutral	NA	1	NA	NA	tutorial_fixture	false	tutorial_fixture;not_inference_output
R3	Normal	reference	chr1	61000000	70999999	60	69	10	1	neutral	NA	1	NA	NA	tutorial_fixture	false	tutorial_fixture;not_inference_output
R3	Normal	reference	chr1	71000000	80999999	70	79	10	1	neutral	NA	1	NA	NA	tutorial_fixture	false	tutorial_fixture;not_inference_output
R3	Normal	reference	chr1	81000000	90999999	80	89	10	1	neutral	NA	1	NA	NA	tutorial_fixture	false	tutorial_fixture;not_inference_output
R3	Normal	reference	chr1	91000000	100999999	90	99	10	1	neutral	NA	1	NA	NA	tutorial_fixture	false	tutorial_fixture;not_inference_output
R3	Normal	reference	chr2	1000000	10999999	100	109	10	1	neutral	NA	1	NA	NA	tutorial_fixture	false	tutorial_fixture;not_inference_output
R3	Normal	reference	chr2	11000000	20999999	110	119	10	1	neutral	NA	1	NA	NA	tutorial_fixture	false	tutorial_fixture;not_inference_output
R3	Normal	reference	chr2	21000000	30999999	120	129	10	1	neutral	NA	1	NA	NA	tutorial_fixture	false	tutorial_fixture;not_inference_output
R3	Normal	reference	chr2	31000000	40999999	130	139	10	1	neutral	NA	1	NA	NA	tutorial_fixture	false	tutorial_fixture;not_inference_output
R3	Normal	reference	chr2	41000000	50999999	140	149	10	1	neutral	NA	1	NA	NA	tutorial_fixture	false	tutorial_fixture;not_inference_output
R3	Normal	reference	chr2	51000000	60999999	150	159	10	1	neutral	NA	1	NA	NA	tutorial_fixture	false	tutorial_fixture;not_inference_output
R3	Normal	reference	chr2	61000000	70999999	160	169	10	1	neutral	NA	1	NA	NA	tutorial_fixture	false	tutorial_fixture;not_inference_output
R3	Normal	reference	chr2	71000000	80999999	170	179	10	1	neutral	NA	1	NA	NA	tutorial_fixture	false	tutorial_fixture;not_inference_output
R3	Normal	reference	chr2	81000000	90999999	180	189	10	1	neutral	NA	1	NA	NA	tutorial_fixture	false	tutorial_fixture;not_inference_output
R3	Normal	reference	chr2	91000000	100999999	190	199	10	1	neutral	NA	1	NA	NA	tutorial_fixture	false	tutorial_fixture;not_inference_output
R3	Normal	reference	chr3	1000000	10999999	200	209	10	1	neutral	NA	1	NA	NA	tutorial_fixture	false	tutorial_fixture;not_inference_output
R3	Normal	reference	chr3	11000000	20999999	210	219	10	1	neutral	NA	1	NA	NA	tutorial_fixture	false	tutorial_fixture;not_inference_output
R3	Normal	reference	chr3	21000000	30999999	220	229	10	1	neutral	NA	1	NA	NA	tutorial_fixture	false	tutorial_fixture;not_inference_output
R3	Normal	reference	chr3	31000000	40999999	230	239	10	1	neutral	NA	1	NA	NA	tutorial_fixture	false	tutorial_fixture;not_inference_output
R3	Normal	reference	chr3	41000000	50999999	240	249	10	1	neutral	NA	1	NA	NA	tutorial_fixture	false	tutorial_fixture;not_inference_output
R3	Normal	reference	chr3	51000000	60999999	250	259	10	1	neutral	NA	1	NA	NA	tutorial_fixture	false	tutorial_fixture;not_inference_output
R3	Normal	reference	chr3	61000000	70999999	260	269	10	1	neutral	NA	1	NA	NA	tutorial_fixture	false	tutorial_fixture;not_inference_output
R3	Normal	reference	chr3	71000000	80999999	270	279	10	1	neutral	NA	1	NA	NA	tutorial_fixture	false	tutorial_fixture;not_inference_output
R3	Normal	reference	chr3	81000000	90999999	280	289	10	1	neutral	NA	1	NA	NA	tutorial_fixture	false	tutorial_fixture;not_inference_output
R3	Normal	reference	chr3	91000000	100999999	290	299	10	1	neutral	NA	1	NA	NA	tutorial_fixture	false	tutorial_fixture;not_inference_output
R3	Normal	reference	chr4	1000000	10999999	300	309	10	1	neutral	NA	1	NA	NA	tutorial_fixture	false	tutorial_fixture;not_inference_output
R3	Normal	reference	chr4	11000000	20999999	310	319	10	1	neutral	NA	1	NA	NA	tutorial_fixture	false	tutorial_fixture;not_inference_output
R3	Normal	reference	chr4	21000000	30999999	320	329	10	1	neutral	NA	1	NA	NA	tutorial_fixture	false	tutorial_fixture;not_inference_output
R3	Normal	reference	chr4	31000000	40999999	330	339	10	1	neutral	NA	1	NA	NA	tutorial_fixture	false	tutorial_fixture;not_inference_output
R3	Normal	reference	chr4	41000000	50999999	340	349	10	1	neutral	NA	1	NA	NA	tutorial_fixture	false	tutorial_fixture;not_inference_output
R3	Normal	reference	chr4	51000000	60999999	350	359	10	1	neutral	NA	1	NA	NA	tutorial_fixture	false	tutorial_fixture;not_inference_output
R3	Normal	reference	chr4	61000000	70999999	360	369	10	1	neutral	NA	1	NA	NA	tutorial_fixture	false	tutorial_fixture;not_inference_output
R3	Normal	reference	chr4	71000000	80999999	370	379	10	1	neutral	NA	1	NA	NA	tutorial_fixture	false	tutorial_fixture;not_inference_output
R3	Normal	reference	chr4	81000000	90999999	380	389	10	1	neutral	NA	1	NA	NA	tutorial_fixture	false	tutorial_fixture;not_inference_output
R3	Normal	reference	chr4	91000000	100999999	390	399	10	1	neutral	NA	1	NA	NA	tutorial_fixture	false	tutorial_fixture;not_inference_output
R4	Normal	reference	chr1	1000000	10999999	0	9	10	1	neutral	NA	1	NA	NA	tutorial_fixture	false	tutorial_fixture;not_inference_output
R4	Normal	reference	chr1	11000000	20999999	10	19	10	1	neutral	NA	1	NA	NA	tutorial_fixture	false	tutorial_fixture;not_inference_output
R4	Normal	reference	chr1	21000000	30999999	20	29	10	1	neutral	NA	1	NA	NA	tutorial_fixture	false	tutorial_fixture;not_inference_output
R4	Normal	reference	chr1	31000000	40999999	30	39	10	1	neutral	NA	1	NA	NA	tutorial_fixture	false	tutorial_fixture;not_inference_output
R4	Normal	reference	chr1	41000000	50999999	40	49	10	1	neutral	NA	1	NA	NA	tutorial_fixture	false	tutorial_fixture;not_inference_output
R4	Normal	reference	chr1	51000000	60999999	50	59	10	1	neutral	NA	1	NA	NA	tutorial_fixture	false	tutorial_fixture;not_inference_output
R4	Normal	reference	chr1	61000000	70999999	60	69	10	1	neutral	NA	1	NA	NA	tutorial_fixture	false	tutorial_fixture;not_inference_output
R4	Normal	reference	chr1	71000000	80999999	70	79	10	1	neutral	NA	1	NA	NA	tutorial_fixture	false	tutorial_fixture;not_inference_output
R4	Normal	reference	chr1	81000000	90999999	80	89	10	1	neutral	NA	1	NA	NA	tutorial_fixture	false	tutorial_fixture;not_inference_output
R4	Normal	reference	chr1	91000000	100999999	90	99	10	1	neutral	NA	1	NA	NA	tutorial_fixture	false	tutorial_fixture;not_inference_output
R4	Normal	reference	chr2	1000000	10999999	100	109	10	1	neutral	NA	1	NA	NA	tutorial_fixture	false	tutorial_fixture;not_inference_output
R4	Normal	reference	chr2	11000000	20999999	110	119	10	1	neutral	NA	1	NA	NA	tutorial_fixture	false	tutorial_fixture;not_inference_output
R4	Normal	reference	chr2	21000000	30999999	120	129	10	1	neutral	NA	1	NA	NA	tutorial_fixture	false	tutorial_fixture;not_inference_output
R4	Normal	reference	chr2	31000000	40999999	130	139	10	1	neutral	NA	1	NA	NA	tutorial_fixture	false	tutorial_fixture;not_inference_output
R4	Normal	reference	chr2	41000000	50999999	140	149	10	1	neutral	NA	1	NA	NA	tutorial_fixture	false	tutorial_fixture;not_inference_output
R4	Normal	reference	chr2	51000000	60999999	150	159	10	1	neutral	NA	1	NA	NA	tutorial_fixture	false	tutorial_fixture;not_inference_output
R4	Normal	reference	chr2	61000000	70999999	160	169	10	1	neutral	NA	1	NA	NA	tutorial_fixture	false	tutorial_fixture;not_inference_output
R4	Normal	reference	chr2	71000000	80999999	170	179	10	1	neutral	NA	1	NA	NA	tutorial_fixture	false	tutorial_fixture;not_inference_output
R4	Normal	reference	chr2	81000000	90999999	180	189	10	1	neutral	NA	1	NA	NA	tutorial_fixture	false	tutorial_fixture;not_inference_output
R4	Normal	reference	chr2	91000000	100999999	190	199	10	1	neutral	NA	1	NA	NA	tutorial_fixture	false	tutorial_fixture;not_inference_output
R4	Normal	reference	chr3	1000000	10999999	200	209	10	1	neutral	NA	1	NA	NA	tutorial_fixture	false	tutorial_fixture;not_inference_output
R4	Normal	reference	chr3	11000000	20999999	210	219	10	1	neutral	NA	1	NA	NA	tutorial_fixture	false	tutorial_fixture;not_inference_output
R4	Normal	reference	chr3	21000000	30999999	220	229	10	1	neutral	NA	1	NA	NA	tutorial_fixture	false	tutorial_fixture;not_inference_output
R4	Normal	reference	chr3	31000000	40999999	230	239	10	1	neutral	NA	1	NA	NA	tutorial_fixture	false	tutorial_fixture;not_inference_output
R4	Normal	reference	chr3	41000000	50999999	240	249	10	1	neutral	NA	1	NA	NA	tutorial_fixture	false	tutorial_fixture;not_inference_output
R4	Normal	reference	chr3	51000000	60999999	250	259	10	1	neutral	NA	1	NA	NA	tutorial_fixture	false	tutorial_fixture;not_inference_output
R4	Normal	reference	chr3	61000000	70999999	260	269	10	1	neutral	NA	1	NA	NA	tutorial_fixture	false	tutorial_fixture;not_inference_output
R4	Normal	reference	chr3	71000000	80999999	270	279	10	1	neutral	NA	1	NA	NA	tutorial_fixture	false	tutorial_fixture;not_inference_output
R4	Normal	reference	chr3	81000000	90999999	280	289	10	1	neutral	NA	1	NA	NA	tutorial_fixture	false	tutorial_fixture;not_inference_output
R4	Normal	reference	chr3	91000000	100999999	290	299	10	1	neutral	NA	1	NA	NA	tutorial_fixture	false	tutorial_fixture;not_inference_output
R4	Normal	reference	chr4	1000000	10999999	300	309	10	1	neutral	NA	1	NA	NA	tutorial_fixture	false	tutorial_fixture;not_inference_output
R4	Normal	reference	chr4	11000000	20999999	310	319	10	1	neutral	NA	1	NA	NA	tutorial_fixture	false	tutorial_fixture;not_inference_output
R4	Normal	reference	chr4	21000000	30999999	320	329	10	1	neutral	NA	1	NA	NA	tutorial_fixture	false	tutorial_fixture;not_inference_output
R4	Normal	reference	chr4	31000000	40999999	330	339	10	1	neutral	NA	1	NA	NA	tutorial_fixture	false	tutorial_fixture;not_inference_output
R4	Normal	reference	chr4	41000000	50999999	340	349	10	1	neutral	NA	1	NA	NA	tutorial_fixture	false	tutorial_fixture;not_inference_output
R4	Normal	reference	chr4	51000000	60999999	350	359	10	1	neutral	NA	1	NA	NA	tutorial_fixture	false	tutorial_fixture;not_inference_output
R4	Normal	reference	chr4	61000000	70999999	360	369	10	1	neutral	NA	1	NA	NA	tutorial_fixture	false	tutorial_fixture;not_inference_output
R4	Normal	reference	chr4	71000000	80999999	370	379	10	1	neutral	NA	1	NA	NA	tutorial_fixture	false	tutorial_fixture;not_inference_output
R4	Normal	reference	chr4	81000000	90999999	380	389	10	1	neutral	NA	1	NA	NA	tutorial_fixture	false	tutorial_fixture;not_inference_output
R4	Normal	reference	chr4	91000000	100999999	390	399	10	1	neutral	NA	1	NA	NA	tutorial_fixture	false	tutorial_fixture;not_inference_output
R5	Normal	reference	chr1	1000000	10999999	0	9	10	1	neutral	NA	1	NA	NA	tutorial_fixture	false	tutorial_fixture;not_inference_output
R5	Normal	reference	chr1	11000000	20999999	10	19	10	1	neutral	NA	1	NA	NA	tutorial_fixture	false	tutorial_fixture;not_inference_output
R5	Normal	reference	chr1	21000000	30999999	20	29	10	1	neutral	NA	1	NA	NA	tutorial_fixture	false	tutorial_fixture;not_inference_output
R5	Normal	reference	chr1	31000000	40999999	30	39	10	1	neutral	NA	1	NA	NA	tutorial_fixture	false	tutorial_fixture;not_inference_output
R5	Normal	reference	chr1	41000000	50999999	40	49	10	1	neutral	NA	1	NA	NA	tutorial_fixture	false	tutorial_fixture;not_inference_output
R5	Normal	reference	chr1	51000000	60999999	50	59	10	1	neutral	NA	1	NA	NA	tutorial_fixture	false	tutorial_fixture;not_inference_output
R5	Normal	reference	chr1	61000000	70999999	60	69	10	1	neutral	NA	1	NA	NA	tutorial_fixture	false	tutorial_fixture;not_inference_output
R5	Normal	reference	chr1	71000000	80999999	70	79	10	1	neutral	NA	1	NA	NA	tutorial_fixture	false	tutorial_fixture;not_inference_output
R5	Normal	reference	chr1	81000000	90999999	80	89	10	1	neutral	NA	1	NA	NA	tutorial_fixture	false	tutorial_fixture;not_inference_output
R5	Normal	reference	chr1	91000000	100999999	90	99	10	1	neutral	NA	1	NA	NA	tutorial_fixture	false	tutorial_fixture;not_inference_output
R5	Normal	reference	chr2	1000000	10999999	100	109	10	1	neutral	NA	1	NA	NA	tutorial_fixture	false	tutorial_fixture;not_inference_output
R5	Normal	reference	chr2	11000000	20999999	110	119	10	1	neutral	NA	1	NA	NA	tutorial_fixture	false	tutorial_fixture;not_inference_output
R5	Normal	reference	chr2	21000000	30999999	120	129	10	1	neutral	NA	1	NA	NA	tutorial_fixture	false	tutorial_fixture;not_inference_output
R5	Normal	reference	chr2	31000000	40999999	130	139	10	1	neutral	NA	1	NA	NA	tutorial_fixture	false	tutorial_fixture;not_inference_output
R5	Normal	reference	chr2	41000000	50999999	140	149	10	1	neutral	NA	1	NA	NA	tutorial_fixture	false	tutorial_fixture;not_inference_output
R5	Normal	reference	chr2	51000000	60999999	150	159	10	1	neutral	NA	1	NA	NA	tutorial_fixture	false	tutorial_fixture;not_inference_output
R5	Normal	reference	chr2	61000000	70999999	160	169	10	1	neutral	NA	1	NA	NA	tutorial_fixture	false	tutorial_fixture;not_inference_output
R5	Normal	reference	chr2	71000000	80999999	170	179	10	1	neutral	NA	1	NA	NA	tutorial_fixture	false	tutorial_fixture;not_inference_output
R5	Normal	reference	chr2	81000000	90999999	180	189	10	1	neutral	NA	1	NA	NA	tutorial_fixture	false	tutorial_fixture;not_inference_output
R5	Normal	reference	chr2	91000000	100999999	190	199	10	1	neutral	NA	1	NA	NA	tutorial_fixture	false	tutorial_fixture;not_inference_output
R5	Normal	reference	chr3	1000000	10999999	200	209	10	1	neutral	NA	1	NA	NA	tutorial_fixture	false	tutorial_fixture;not_inference_output
R5	Normal	reference	chr3	11000000	20999999	210	219	10	1	neutral	NA	1	NA	NA	tutorial_fixture	false	tutorial_fixture;not_inference_output
R5	Normal	reference	chr3	21000000	30999999	220	229	10	1	neutral	NA	1	NA	NA	tutorial_fixture	false	tutorial_fixture;not_inference_output
R5	Normal	reference	chr3	31000000	40999999	230	239	10	1	neutral	NA	1	NA	NA	tutorial_fixture	false	tutorial_fixture;not_inference_output
R5	Normal	reference	chr3	41000000	50999999	240	249	10	1	neutral	NA	1	NA	NA	tutorial_fixture	false	tutorial_fixture;not_inference_output
R5	Normal	reference	chr3	51000000	60999999	250	259	10	1	neutral	NA	1	NA	NA	tutorial_fixture	false	tutorial_fixture;not_inference_output
R5	Normal	reference	chr3	61000000	70999999	260	269	10	1	neutral	NA	1	NA	NA	tutorial_fixture	false	tutorial_fixture;not_inference_output
R5	Normal	reference	chr3	71000000	80999999	270	279	10	1	neutral	NA	1	NA	NA	tutorial_fixture	false	tutorial_fixture;not_inference_output
R5	Normal	reference	chr3	81000000	90999999	280	289	10	1	neutral	NA	1	NA	NA	tutorial_fixture	false	tutorial_fixture;not_inference_output
R5	Normal	reference	chr3	91000000	100999999	290	299	10	1	neutral	NA	1	NA	NA	tutorial_fixture	false	tutorial_fixture;not_inference_output
R5	Normal	reference	chr4	1000000	10999999	300	309	10	1	neutral	NA	1	NA	NA	tutorial_fixture	false	tutorial_fixture;not_inference_output
R5	Normal	reference	chr4	11000000	20999999	310	319	10	1	neutral	NA	1	NA	NA	tutorial_fixture	false	tutorial_fixture;not_inference_output
R5	Normal	reference	chr4	21000000	30999999	320	329	10	1	neutral	NA	1	NA	NA	tutorial_fixture	false	tutorial_fixture;not_inference_output
R5	Normal	reference	chr4	31000000	40999999	330	339	10	1	neutral	NA	1	NA	NA	tutorial_fixture	false	tutorial_fixture;not_inference_output
R5	Normal	reference	chr4	41000000	50999999	340	349	10	1	neutral	NA	1	NA	NA	tutorial_fixture	false	tutorial_fixture;not_inference_output
R5	Normal	reference	chr4	51000000	60999999	350	359	10	1	neutral	NA	1	NA	NA	tutorial_fixture	false	tutorial_fixture;not_inference_output
R5	Normal	reference	chr4	61000000	70999999	360	369	10	1	neutral	NA	1	NA	NA	tutorial_fixture	false	tutorial_fixture;not_inference_output
R5	Normal	reference	chr4	71000000	80999999	370	379	10	1	neutral	NA	1	NA	NA	tutorial_fixture	false	tutorial_fixture;not_inference_output
R5	Normal	reference	chr4	81000000	90999999	380	389	10	1	neutral	NA	1	NA	NA	tutorial_fixture	false	tutorial_fixture;not_inference_output
R5	Normal	reference	chr4	91000000	100999999	390	399	10	1	neutral	NA	1	NA	NA	tutorial_fixture	false	tutorial_fixture;not_inference_output
R6	Normal	reference	chr1	1000000	10999999	0	9	10	1	neutral	NA	1	NA	NA	tutorial_fixture	false	tutorial_fixture;not_inference_output
R6	Normal	reference	chr1	11000000	20999999	10	19	10	1	neutral	NA	1	NA	NA	tutorial_fixture	false	tutorial_fixture;not_inference_output
R6	Normal	reference	chr1	21000000	30999999	20	29	10	1	neutral	NA	1	NA	NA	tutorial_fixture	false	tutorial_fixture;not_inference_output
R6	Normal	reference	chr1	31000000	40999999	30	39	10	1	neutral	NA	1	NA	NA	tutorial_fixture	false	tutorial_fixture;not_inference_output
R6	Normal	reference	chr1	41000000	50999999	40	49	10	1	neutral	NA	1	NA	NA	tutorial_fixture	false	tutorial_fixture;not_inference_output
R6	Normal	reference	chr1	51000000	60999999	50	59	10	1	neutral	NA	1	NA	NA	tutorial_fixture	false	tutorial_fixture;not_inference_output
R6	Normal	reference	chr1	61000000	70999999	60	69	10	1	neutral	NA	1	NA	NA	tutorial_fixture	false	tutorial_fixture;not_inference_output
R6	Normal	reference	chr1	71000000	80999999	70	79	10	1	neutral	NA	1	NA	NA	tutorial_fixture	false	tutorial_fixture;not_inference_output
R6	Normal	reference	chr1	81000000	90999999	80	89	10	1	neutral	NA	1	NA	NA	tutorial_fixture	false	tutorial_fixture;not_inference_output
R6	Normal	reference	chr1	91000000	100999999	90	99	10	1	neutral	NA	1	NA	NA	tutorial_fixture	false	tutorial_fixture;not_inference_output
R6	Normal	reference	chr2	1000000	10999999	100	109	10	1	neutral	NA	1	NA	NA	tutorial_fixture	false	tutorial_fixture;not_inference_output
R6	Normal	reference	chr2	11000000	20999999	110	119	10	1	neutral	NA	1	NA	NA	tutorial_fixture	false	tutorial_fixture;not_inference_output
R6	Normal	reference	chr2	21000000	30999999	120	129	10	1	neutral	NA	1	NA	NA	tutorial_fixture	false	tutorial_fixture;not_inference_output
R6	Normal	reference	chr2	31000000	40999999	130	139	10	1	neutral	NA	1	NA	NA	tutorial_fixture	false	tutorial_fixture;not_inference_output
R6	Normal	reference	chr2	41000000	50999999	140	149	10	1	neutral	NA	1	NA	NA	tutorial_fixture	false	tutorial_fixture;not_inference_output
R6	Normal	reference	chr2	51000000	60999999	150	159	10	1	neutral	NA	1	NA	NA	tutorial_fixture	false	tutorial_fixture;not_inference_output
R6	Normal	reference	chr2	61000000	70999999	160	169	10	1	neutral	NA	1	NA	NA	tutorial_fixture	false	tutorial_fixture;not_inference_output
R6	Normal	reference	chr2	71000000	80999999	170	179	10	1	neutral	NA	1	NA	NA	tutorial_fixture	false	tutorial_fixture;not_inference_output
R6	Normal	reference	chr2	81000000	90999999	180	189	10	1	neutral	NA	1	NA	NA	tutorial_fixture	false	tutorial_fixture;not_inference_output
R6	Normal	reference	chr2	91000000	100999999	190	199	10	1	neutral	NA	1	NA	NA	tutorial_fixture	false	tutorial_fixture;not_inference_output
R6	Normal	reference	chr3	1000000	10999999	200	209	10	1	neutral	NA	1	NA	NA	tutorial_fixture	false	tutorial_fixture;not_inference_output
R6	Normal	reference	chr3	11000000	20999999	210	219	10	1	neutral	NA	1	NA	NA	tutorial_fixture	false	tutorial_fixture;not_inference_output
R6	Normal	reference	chr3	21000000	30999999	220	229	10	1	neutral	NA	1	NA	NA	tutorial_fixture	false	tutorial_fixture;not_inference_output
R6	Normal	reference	chr3	31000000	40999999	230	239	10	1	neutral	NA	1	NA	NA	tutorial_fixture	false	tutorial_fixture;not_inference_output
R6	Normal	reference	chr3	41000000	50999999	240	249	10	1	neutral	NA	1	NA	NA	tutorial_fixture	false	tutorial_fixture;not_inference_output
R6	Normal	reference	chr3	51000000	60999999	250	259	10	1	neutral	NA	1	NA	NA	tutorial_fixture	false	tutorial_fixture;not_inference_output
R6	Normal	reference	chr3	61000000	70999999	260	269	10	1	neutral	NA	1	NA	NA	tutorial_fixture	false	tutorial_fixture;not_inference_output
R6	Normal	reference	chr3	71000000	80999999	270	279	10	1	neutral	NA	1	NA	NA	tutorial_fixture	false	tutorial_fixture;not_inference_output
R6	Normal	reference	chr3	81000000	90999999	280	289	10	1	neutral	NA	1	NA	NA	tutorial_fixture	false	tutorial_fixture;not_inference_output
R6	Normal	reference	chr3	91000000	100999999	290	299	10	1	neutral	NA	1	NA	NA	tutorial_fixture	false	tutorial_fixture;not_inference_output
R6	Normal	reference	chr4	1000000	10999999	300	309	10	1	neutral	NA	1	NA	NA	tutorial_fixture	false	tutorial_fixture;not_inference_output
R6	Normal	reference	chr4	11000000	20999999	310	319	10	1	neutral	NA	1	NA	NA	tutorial_fixture	false	tutorial_fixture;not_inference_output
R6	Normal	reference	chr4	21000000	30999999	320	329	10	1	neutral	NA	1	NA	NA	tutorial_fixture	false	tutorial_fixture;not_inference_output
R6	Normal	reference	chr4	31000000	40999999	330	339	10	1	neutral	NA	1	NA	NA	tutorial_fixture	false	tutorial_fixture;not_inference_output
R6	Normal	reference	chr4	41000000	50999999	340	349	10	1	neutral	NA	1	NA	NA	tutorial_fixture	false	tutorial_fixture;not_inference_output
R6	Normal	reference	chr4	51000000	60999999	350	359	10	1	neutral	NA	1	NA	NA	tutorial_fixture	false	tutorial_fixture;not_inference_output
R6	Normal	reference	chr4	61000000	70999999	360	369	10	1	neutral	NA	1	NA	NA	tutorial_fixture	false	tutorial_fixture;not_inference_output
R6	Normal	reference	chr4	71000000	80999999	370	379	10	1	neutral	NA	1	NA	NA	tutorial_fixture	false	tutorial_fixture;not_inference_output
R6	Normal	reference	chr4	81000000	90999999	380	389	10	1	neutral	NA	1	NA	NA	tutorial_fixture	false	tutorial_fixture;not_inference_output
R6	Normal	reference	chr4	91000000	100999999	390	399	10	1	neutral	NA	1	NA	NA	tutorial_fixture	false	tutorial_fixture;not_inference_output
R7	Normal	reference	chr1	1000000	10999999	0	9	10	1	neutral	NA	1	NA	NA	tutorial_fixture	false	tutorial_fixture;not_inference_output
R7	Normal	reference	chr1	11000000	20999999	10	19	10	1	neutral	NA	1	NA	NA	tutorial_fixture	false	tutorial_fixture;not_inference_output
R7	Normal	reference	chr1	21000000	30999999	20	29	10	1	neutral	NA	1	NA	NA	tutorial_fixture	false	tutorial_fixture;not_inference_output
R7	Normal	reference	chr1	31000000	40999999	30	39	10	1	neutral	NA	1	NA	NA	tutorial_fixture	false	tutorial_fixture;not_inference_output
R7	Normal	reference	chr1	41000000	50999999	40	49	10	1	neutral	NA	1	NA	NA	tutorial_fixture	false	tutorial_fixture;not_inference_output
R7	Normal	reference	chr1	51000000	60999999	50	59	10	1	neutral	NA	1	NA	NA	tutorial_fixture	false	tutorial_fixture;not_inference_output
R7	Normal	reference	chr1	61000000	70999999	60	69	10	1	neutral	NA	1	NA	NA	tutorial_fixture	false	tutorial_fixture;not_inference_output
R7	Normal	reference	chr1	71000000	80999999	70	79	10	1	neutral	NA	1	NA	NA	tutorial_fixture	false	tutorial_fixture;not_inference_output
R7	Normal	reference	chr1	81000000	90999999	80	89	10	1	neutral	NA	1	NA	NA	tutorial_fixture	false	tutorial_fixture;not_inference_output
R7	Normal	reference	chr1	91000000	100999999	90	99	10	1	neutral	NA	1	NA	NA	tutorial_fixture	false	tutorial_fixture;not_inference_output
R7	Normal	reference	chr2	1000000	10999999	100	109	10	1	neutral	NA	1	NA	NA	tutorial_fixture	false	tutorial_fixture;not_inference_output
R7	Normal	reference	chr2	11000000	20999999	110	119	10	1	neutral	NA	1	NA	NA	tutorial_fixture	false	tutorial_fixture;not_inference_output
R7	Normal	reference	chr2	21000000	30999999	120	129	10	1	neutral	NA	1	NA	NA	tutorial_fixture	false	tutorial_fixture;not_inference_output
R7	Normal	reference	chr2	31000000	40999999	130	139	10	1	neutral	NA	1	NA	NA	tutorial_fixture	false	tutorial_fixture;not_inference_output
R7	Normal	reference	chr2	41000000	50999999	140	149	10	1	neutral	NA	1	NA	NA	tutorial_fixture	false	tutorial_fixture;not_inference_output
R7	Normal	reference	chr2	51000000	60999999	150	159	10	1	neutral	NA	1	NA	NA	tutorial_fixture	false	tutorial_fixture;not_inference_output
R7	Normal	reference	chr2	61000000	70999999	160	169	10	1	neutral	NA	1	NA	NA	tutorial_fixture	false	tutorial_fixture;not_inference_output
R7	Normal	reference	chr2	71000000	80999999	170	179	10	1	neutral	NA	1	NA	NA	tutorial_fixture	false	tutorial_fixture;not_inference_output
R7	Normal	reference	chr2	81000000	90999999	180	189	10	1	neutral	NA	1	NA	NA	tutorial_fixture	false	tutorial_fixture;not_inference_output
R7	Normal	reference	chr2	91000000	100999999	190	199	10	1	neutral	NA	1	NA	NA	tutorial_fixture	false	tutorial_fixture;not_inference_output
R7	Normal	reference	chr3	1000000	10999999	200	209	10	1	neutral	NA	1	NA	NA	tutorial_fixture	false	tutorial_fixture;not_inference_output
R7	Normal	reference	chr3	11000000	20999999	210	219	10	1	neutral	NA	1	NA	NA	tutorial_fixture	false	tutorial_fixture;not_inference_output
R7	Normal	reference	chr3	21000000	30999999	220	229	10	1	neutral	NA	1	NA	NA	tutorial_fixture	false	tutorial_fixture;not_inference_output
R7	Normal	reference	chr3	31000000	40999999	230	239	10	1	neutral	NA	1	NA	NA	tutorial_fixture	false	tutorial_fixture;not_inference_output
R7	Normal	reference	chr3	41000000	50999999	240	249	10	1	neutral	NA	1	NA	NA	tutorial_fixture	false	tutorial_fixture;not_inference_output
R7	Normal	reference	chr3	51000000	60999999	250	259	10	1	neutral	NA	1	NA	NA	tutorial_fixture	false	tutorial_fixture;not_inference_output
R7	Normal	reference	chr3	61000000	70999999	260	269	10	1	neutral	NA	1	NA	NA	tutorial_fixture	false	tutorial_fixture;not_inference_output
R7	Normal	reference	chr3	71000000	80999999	270	279	10	1	neutral	NA	1	NA	NA	tutorial_fixture	false	tutorial_fixture;not_inference_output
R7	Normal	reference	chr3	81000000	90999999	280	289	10	1	neutral	NA	1	NA	NA	tutorial_fixture	false	tutorial_fixture;not_inference_output
R7	Normal	reference	chr3	91000000	100999999	290	299	10	1	neutral	NA	1	NA	NA	tutorial_fixture	false	tutorial_fixture;not_inference_output
R7	Normal	reference	chr4	1000000	10999999	300	309	10	1	neutral	NA	1	NA	NA	tutorial_fixture	false	tutorial_fixture;not_inference_output
R7	Normal	reference	chr4	11000000	20999999	310	319	10	1	neutral	NA	1	NA	NA	tutorial_fixture	false	tutorial_fixture;not_inference_output
R7	Normal	reference	chr4	21000000	30999999	320	329	10	1	neutral	NA	1	NA	NA	tutorial_fixture	false	tutorial_fixture;not_inference_output
R7	Normal	reference	chr4	31000000	40999999	330	339	10	1	neutral	NA	1	NA	NA	tutorial_fixture	false	tutorial_fixture;not_inference_output
R7	Normal	reference	chr4	41000000	50999999	340	349	10	1	neutral	NA	1	NA	NA	tutorial_fixture	false	tutorial_fixture;not_inference_output
R7	Normal	reference	chr4	51000000	60999999	350	359	10	1	neutral	NA	1	NA	NA	tutorial_fixture	false	tutorial_fixture;not_inference_output
R7	Normal	reference	chr4	61000000	70999999	360	369	10	1	neutral	NA	1	NA	NA	tutorial_fixture	false	tutorial_fixture;not_inference_output
R7	Normal	reference	chr4	71000000	80999999	370	379	10	1	neutral	NA	1	NA	NA	tutorial_fixture	false	tutorial_fixture;not_inference_output
R7	Normal	reference	chr4	81000000	90999999	380	389	10	1	neutral	NA	1	NA	NA	tutorial_fixture	false	tutorial_fixture;not_inference_output
R7	Normal	reference	chr4	91000000	100999999	390	399	10	1	neutral	NA	1	NA	NA	tutorial_fixture	false	tutorial_fixture;not_inference_output
R8	Normal	reference	chr1	1000000	10999999	0	9	10	1	neutral	NA	1	NA	NA	tutorial_fixture	false	tutorial_fixture;not_inference_output
R8	Normal	reference	chr1	11000000	20999999	10	19	10	1	neutral	NA	1	NA	NA	tutorial_fixture	false	tutorial_fixture;not_inference_output
R8	Normal	reference	chr1	21000000	30999999	20	29	10	1	neutral	NA	1	NA	NA	tutorial_fixture	false	tutorial_fixture;not_inference_output
R8	Normal	reference	chr1	31000000	40999999	30	39	10	1	neutral	NA	1	NA	NA	tutorial_fixture	false	tutorial_fixture;not_inference_output
R8	Normal	reference	chr1	41000000	50999999	40	49	10	1	neutral	NA	1	NA	NA	tutorial_fixture	false	tutorial_fixture;not_inference_output
R8	Normal	reference	chr1	51000000	60999999	50	59	10	1	neutral	NA	1	NA	NA	tutorial_fixture	false	tutorial_fixture;not_inference_output
R8	Normal	reference	chr1	61000000	70999999	60	69	10	1	neutral	NA	1	NA	NA	tutorial_fixture	false	tutorial_fixture;not_inference_output
R8	Normal	reference	chr1	71000000	80999999	70	79	10	1	neutral	NA	1	NA	NA	tutorial_fixture	false	tutorial_fixture;not_inference_output
R8	Normal	reference	chr1	81000000	90999999	80	89	10	1	neutral	NA	1	NA	NA	tutorial_fixture	false	tutorial_fixture;not_inference_output
R8	Normal	reference	chr1	91000000	100999999	90	99	10	1	neutral	NA	1	NA	NA	tutorial_fixture	false	tutorial_fixture;not_inference_output
R8	Normal	reference	chr2	1000000	10999999	100	109	10	1	neutral	NA	1	NA	NA	tutorial_fixture	false	tutorial_fixture;not_inference_output
R8	Normal	reference	chr2	11000000	20999999	110	119	10	1	neutral	NA	1	NA	NA	tutorial_fixture	false	tutorial_fixture;not_inference_output
R8	Normal	reference	chr2	21000000	30999999	120	129	10	1	neutral	NA	1	NA	NA	tutorial_fixture	false	tutorial_fixture;not_inference_output
R8	Normal	reference	chr2	31000000	40999999	130	139	10	1	neutral	NA	1	NA	NA	tutorial_fixture	false	tutorial_fixture;not_inference_output
R8	Normal	reference	chr2	41000000	50999999	140	149	10	1	neutral	NA	1	NA	NA	tutorial_fixture	false	tutorial_fixture;not_inference_output
R8	Normal	reference	chr2	51000000	60999999	150	159	10	1	neutral	NA	1	NA	NA	tutorial_fixture	false	tutorial_fixture;not_inference_output
R8	Normal	reference	chr2	61000000	70999999	160	169	10	1	neutral	NA	1	NA	NA	tutorial_fixture	false	tutorial_fixture;not_inference_output
R8	Normal	reference	chr2	71000000	80999999	170	179	10	1	neutral	NA	1	NA	NA	tutorial_fixture	false	tutorial_fixture;not_inference_output
R8	Normal	reference	chr2	81000000	90999999	180	189	10	1	neutral	NA	1	NA	NA	tutorial_fixture	false	tutorial_fixture;not_inference_output
R8	Normal	reference	chr2	91000000	100999999	190	199	10	1	neutral	NA	1	NA	NA	tutorial_fixture	false	tutorial_fixture;not_inference_output
R8	Normal	reference	chr3	1000000	10999999	200	209	10	1	neutral	NA	1	NA	NA	tutorial_fixture	false	tutorial_fixture;not_inference_output
R8	Normal	reference	chr3	11000000	20999999	210	219	10	1	neutral	NA	1	NA	NA	tutorial_fixture	false	tutorial_fixture;not_inference_output
R8	Normal	reference	chr3	21000000	30999999	220	229	10	1	neutral	NA	1	NA	NA	tutorial_fixture	false	tutorial_fixture;not_inference_output
R8	Normal	reference	chr3	31000000	40999999	230	239	10	1	neutral	NA	1	NA	NA	tutorial_fixture	false	tutorial_fixture;not_inference_output
R8	Normal	reference	chr3	41000000	50999999	240	249	10	1	neutral	NA	1	NA	NA	tutorial_fixture	false	tutorial_fixture;not_inference_output
R8	Normal	reference	chr3	51000000	60999999	250	259	10	1	neutral	NA	1	NA	NA	tutorial_fixture	false	tutorial_fixture;not_inference_output
R8	Normal	reference	chr3	61000000	70999999	260	269	10	1	neutral	NA	1	NA	NA	tutorial_fixture	false	tutorial_fixture;not_inference_output
R8	Normal	reference	chr3	71000000	80999999	270	279	10	1	neutral	NA	1	NA	NA	tutorial_fixture	false	tutorial_fixture;not_inference_output
R8	Normal	reference	chr3	81000000	90999999	280	289	10	1	neutral	NA	1	NA	NA	tutorial_fixture	false	tutorial_fixture;not_inference_output
R8	Normal	reference	chr3	91000000	100999999	290	299	10	1	neutral	NA	1	NA	NA	tutorial_fixture	false	tutorial_fixture;not_inference_output
R8	Normal	reference	chr4	1000000	10999999	300	309	10	1	neutral	NA	1	NA	NA	tutorial_fixture	false	tutorial_fixture;not_inference_output
R8	Normal	reference	chr4	11000000	20999999	310	319	10	1	neutral	NA	1	NA	NA	tutorial_fixture	false	tutorial_fixture;not_inference_output
R8	Normal	reference	chr4	21000000	30999999	320	329	10	1	neutral	NA	1	NA	NA	tutorial_fixture	false	tutorial_fixture;not_inference_output
R8	Normal	reference	chr4	31000000	40999999	330	339	10	1	neutral	NA	1	NA	NA	tutorial_fixture	false	tutorial_fixture;not_inference_output
R8	Normal	reference	chr4	41000000	50999999	340	349	10	1	neutral	NA	1	NA	NA	tutorial_fixture	false	tutorial_fixture;not_inference_output
R8	Normal	reference	chr4	51000000	60999999	350	359	10	1	neutral	NA	1	NA	NA	tutorial_fixture	false	tutorial_fixture;not_inference_output
R8	Normal	reference	chr4	61000000	70999999	360	369	10	1	neutral	NA	1	NA	NA	tutorial_fixture	false	tutorial_fixture;not_inference_output
R8	Normal	reference	chr4	71000000	80999999	370	379	10	1	neutral	NA	1	NA	NA	tutorial_fixture	false	tutorial_fixture;not_inference_output
R8	Normal	reference	chr4	81000000	90999999	380	389	10	1	neutral	NA	1	NA	NA	tutorial_fixture	false	tutorial_fixture;not_inference_output
R8	Normal	reference	chr4	91000000	100999999	390	399	10	1	neutral	NA	1	NA	NA	tutorial_fixture	false	tutorial_fixture;not_inference_output
R9	Normal	reference	chr1	1000000	10999999	0	9	10	1	neutral	NA	1	NA	NA	tutorial_fixture	false	tutorial_fixture;not_inference_output
R9	Normal	reference	chr1	11000000	20999999	10	19	10	1	neutral	NA	1	NA	NA	tutorial_fixture	false	tutorial_fixture;not_inference_output
R9	Normal	reference	chr1	21000000	30999999	20	29	10	1	neutral	NA	1	NA	NA	tutorial_fixture	false	tutorial_fixture;not_inference_output
R9	Normal	reference	chr1	31000000	40999999	30	39	10	1	neutral	NA	1	NA	NA	tutorial_fixture	false	tutorial_fixture;not_inference_output
R9	Normal	reference	chr1	41000000	50999999	40	49	10	1	neutral	NA	1	NA	NA	tutorial_fixture	false	tutorial_fixture;not_inference_output
R9	Normal	reference	chr1	51000000	60999999	50	59	10	1	neutral	NA	1	NA	NA	tutorial_fixture	false	tutorial_fixture;not_inference_output
R9	Normal	reference	chr1	61000000	70999999	60	69	10	1	neutral	NA	1	NA	NA	tutorial_fixture	false	tutorial_fixture;not_inference_output
R9	Normal	reference	chr1	71000000	80999999	70	79	10	1	neutral	NA	1	NA	NA	tutorial_fixture	false	tutorial_fixture;not_inference_output
R9	Normal	reference	chr1	81000000	90999999	80	89	10	1	neutral	NA	1	NA	NA	tutorial_fixture	false	tutorial_fixture;not_inference_output
R9	Normal	reference	chr1	91000000	100999999	90	99	10	1	neutral	NA	1	NA	NA	tutorial_fixture	false	tutorial_fixture;not_inference_output
R9	Normal	reference	chr2	1000000	10999999	100	109	10	1	neutral	NA	1	NA	NA	tutorial_fixture	false	tutorial_fixture;not_inference_output
R9	Normal	reference	chr2	11000000	20999999	110	119	10	1	neutral	NA	1	NA	NA	tutorial_fixture	false	tutorial_fixture;not_inference_output
R9	Normal	reference	chr2	21000000	30999999	120	129	10	1	neutral	NA	1	NA	NA	tutorial_fixture	false	tutorial_fixture;not_inference_output
R9	Normal	reference	chr2	31000000	40999999	130	139	10	1	neutral	NA	1	NA	NA	tutorial_fixture	false	tutorial_fixture;not_inference_output
R9	Normal	reference	chr2	41000000	50999999	140	149	10	1	neutral	NA	1	NA	NA	tutorial_fixture	false	tutorial_fixture;not_inference_output
R9	Normal	reference	chr2	51000000	60999999	150	159	10	1	neutral	NA	1	NA	NA	tutorial_fixture	false	tutorial_fixture;not_inference_output
R9	Normal	reference	chr2	61000000	70999999	160	169	10	1	neutral	NA	1	NA	NA	tutorial_fixture	false	tutorial_fixture;not_inference_output
R9	Normal	reference	chr2	71000000	80999999	170	179	10	1	neutral	NA	1	NA	NA	tutorial_fixture	false	tutorial_fixture;not_inference_output
R9	Normal	reference	chr2	81000000	90999999	180	189	10	1	neutral	NA	1	NA	NA	tutorial_fixture	false	tutorial_fixture;not_inference_output
R9	Normal	reference	chr2	91000000	100999999	190	199	10	1	neutral	NA	1	NA	NA	tutorial_fixture	false	tutorial_fixture;not_inference_output
R9	Normal	reference	chr3	1000000	10999999	200	209	10	1	neutral	NA	1	NA	NA	tutorial_fixture	false	tutorial_fixture;not_inference_output
R9	Normal	reference	chr3	11000000	20999999	210	219	10	1	neutral	NA	1	NA	NA	tutorial_fixture	false	tutorial_fixture;not_inference_output
R9	Normal	reference	chr3	21000000	30999999	220	229	10	1	neutral	NA	1	NA	NA	tutorial_fixture	false	tutorial_fixture;not_inference_output
R9	Normal	reference	chr3	31000000	40999999	230	239	10	1	neutral	NA	1	NA	NA	tutorial_fixture	false	tutorial_fixture;not_inference_output
R9	Normal	reference	chr3	41000000	50999999	240	249	10	1	neutral	NA	1	NA	NA	tutorial_fixture	false	tutorial_fixture;not_inference_output
R9	Normal	reference	chr3	51000000	60999999	250	259	10	1	neutral	NA	1	NA	NA	tutorial_fixture	false	tutorial_fixture;not_inference_output
R9	Normal	reference	chr3	61000000	70999999	260	269	10	1	neutral	NA	1	NA	NA	tutorial_fixture	false	tutorial_fixture;not_inference_output
R9	Normal	reference	chr3	71000000	80999999	270	279	10	1	neutral	NA	1	NA	NA	tutorial_fixture	false	tutorial_fixture;not_inference_output
R9	Normal	reference	chr3	81000000	90999999	280	289	10	1	neutral	NA	1	NA	NA	tutorial_fixture	false	tutorial_fixture;not_inference_output
R9	Normal	reference	chr3	91000000	100999999	290	299	10	1	neutral	NA	1	NA	NA	tutorial_fixture	false	tutorial_fixture;not_inference_output
R9	Normal	reference	chr4	1000000	10999999	300	309	10	1	neutral	NA	1	NA	NA	tutorial_fixture	false	tutorial_fixture;not_inference_output
R9	Normal	reference	chr4	11000000	20999999	310	319	10	1	neutral	NA	1	NA	NA	tutorial_fixture	false	tutorial_fixture;not_inference_output
R9	Normal	reference	chr4	21000000	30999999	320	329	10	1	neutral	NA	1	NA	NA	tutorial_fixture	false	tutorial_fixture;not_inference_output
R9	Normal	reference	chr4	31000000	40999999	330	339	10	1	neutral	NA	1	NA	NA	tutorial_fixture	false	tutorial_fixture;not_inference_output
R9	Normal	reference	chr4	41000000	50999999	340	349	10	1	neutral	NA	1	NA	NA	tutorial_fixture	false	tutorial_fixture;not_inference_output
R9	Normal	reference	chr4	51000000	60999999	350	359	10	1	neutral	NA	1	NA	NA	tutorial_fixture	false	tutorial_fixture;not_inference_output
R9	Normal	reference	chr4	61000000	70999999	360	369	10	1	neutral	NA	1	NA	NA	tutorial_fixture	false	tutorial_fixture;not_inference_output
R9	Normal	reference	chr4	71000000	80999999	370	379	10	1	neutral	NA	1	NA	NA	tutorial_fixture	false	tutorial_fixture;not_inference_output
R9	Normal	reference	chr4	81000000	90999999	380	389	10	1	neutral	NA	1	NA	NA	tutorial_fixture	false	tutorial_fixture;not_inference_output
R9	Normal	reference	chr4	91000000	100999999	390	399	10	1	neutral	NA	1	NA	NA	tutorial_fixture	false	tutorial_fixture;not_inference_output
R10	Normal	reference	chr1	1000000	10999999	0	9	10	1	neutral	NA	1	NA	NA	tutorial_fixture	false	tutorial_fixture;not_inference_output
R10	Normal	reference	chr1	11000000	20999999	10	19	10	1	neutral	NA	1	NA	NA	tutorial_fixture	false	tutorial_fixture;not_inference_output
R10	Normal	reference	chr1	21000000	30999999	20	29	10	1	neutral	NA	1	NA	NA	tutorial_fixture	false	tutorial_fixture;not_inference_output
R10	Normal	reference	chr1	31000000	40999999	30	39	10	1	neutral	NA	1	NA	NA	tutorial_fixture	false	tutorial_fixture;not_inference_output
R10	Normal	reference	chr1	41000000	50999999	40	49	10	1	neutral	NA	1	NA	NA	tutorial_fixture	false	tutorial_fixture;not_inference_output
R10	Normal	reference	chr1	51000000	60999999	50	59	10	1	neutral	NA	1	NA	NA	tutorial_fixture	false	tutorial_fixture;not_inference_output
R10	Normal	reference	chr1	61000000	70999999	60	69	10	1	neutral	NA	1	NA	NA	tutorial_fixture	false	tutorial_fixture;not_inference_output
R10	Normal	reference	chr1	71000000	80999999	70	79	10	1	neutral	NA	1	NA	NA	tutorial_fixture	false	tutorial_fixture;not_inference_output
R10	Normal	reference	chr1	81000000	90999999	80	89	10	1	neutral	NA	1	NA	NA	tutorial_fixture	false	tutorial_fixture;not_inference_output
R10	Normal	reference	chr1	91000000	100999999	90	99	10	1	neutral	NA	1	NA	NA	tutorial_fixture	false	tutorial_fixture;not_inference_output
R10	Normal	reference	chr2	1000000	10999999	100	109	10	1	neutral	NA	1	NA	NA	tutorial_fixture	false	tutorial_fixture;not_inference_output
R10	Normal	reference	chr2	11000000	20999999	110	119	10	1	neutral	NA	1	NA	NA	tutorial_fixture	false	tutorial_fixture;not_inference_output
R10	Normal	reference	chr2	21000000	30999999	120	129	10	1	neutral	NA	1	NA	NA	tutorial_fixture	false	tutorial_fixture;not_inference_output
R10	Normal	reference	chr2	31000000	40999999	130	139	10	1	neutral	NA	1	NA	NA	tutorial_fixture	false	tutorial_fixture;not_inference_output
R10	Normal	reference	chr2	41000000	50999999	140	149	10	1	neutral	NA	1	NA	NA	tutorial_fixture	false	tutorial_fixture;not_inference_output
R10	Normal	reference	chr2	51000000	60999999	150	159	10	1	neutral	NA	1	NA	NA	tutorial_fixture	false	tutorial_fixture;not_inference_output
R10	Normal	reference	chr2	61000000	70999999	160	169	10	1	neutral	NA	1	NA	NA	tutorial_fixture	false	tutorial_fixture;not_inference_output
R10	Normal	reference	chr2	71000000	80999999	170	179	10	1	neutral	NA	1	NA	NA	tutorial_fixture	false	tutorial_fixture;not_inference_output
R10	Normal	reference	chr2	81000000	90999999	180	189	10	1	neutral	NA	1	NA	NA	tutorial_fixture	false	tutorial_fixture;not_inference_output
R10	Normal	reference	chr2	91000000	100999999	190	199	10	1	neutral	NA	1	NA	NA	tutorial_fixture	false	tutorial_fixture;not_inference_output
R10	Normal	reference	chr3	1000000	10999999	200	209	10	1	neutral	NA	1	NA	NA	tutorial_fixture	false	tutorial_fixture;not_inference_output
R10	Normal	reference	chr3	11000000	20999999	210	219	10	1	neutral	NA	1	NA	NA	tutorial_fixture	false	tutorial_fixture;not_inference_output
R10	Normal	reference	chr3	21000000	30999999	220	229	10	1	neutral	NA	1	NA	NA	tutorial_fixture	false	tutorial_fixture;not_inference_output
R10	Normal	reference	chr3	31000000	40999999	230	239	10	1	neutral	NA	1	NA	NA	tutorial_fixture	false	tutorial_fixture;not_inference_output
R10	Normal	reference	chr3	41000000	50999999	240	249	10	1	neutral	NA	1	NA	NA	tutorial_fixture	false	tutorial_fixture;not_inference_output
R10	Normal	reference	chr3	51000000	60999999	250	259	10	1	neutral	NA	1	NA	NA	tutorial_fixture	false	tutorial_fixture;not_inference_output
R10	Normal	reference	chr3	61000000	70999999	260	269	10	1	neutral	NA	1	NA	NA	tutorial_fixture	false	tutorial_fixture;not_inference_output
R10	Normal	reference	chr3	71000000	80999999	270	279	10	1	neutral	NA	1	NA	NA	tutorial_fixture	false	tutorial_fixture;not_inference_output
R10	Normal	reference	chr3	81000000	90999999	280	289	10	1	neutral	NA	1	NA	NA	tutorial_fixture	false	tutorial_fixture;not_inference_output
R10	Normal	reference	chr3	91000000	100999999	290	299	10	1	neutral	NA	1	NA	NA	tutorial_fixture	false	tutorial_fixture;not_inference_output
R10	Normal	reference	chr4	1000000	10999999	300	309	10	1	neutral	NA	1	NA	NA	tutorial_fixture	false	tutorial_fixture;not_inference_output
R10	Normal	reference	chr4	11000000	20999999	310	319	10	1	neutral	NA	1	NA	NA	tutorial_fixture	false	tutorial_fixture;not_inference_output
R10	Normal	reference	chr4	21000000	30999999	320	329	10	1	neutral	NA	1	NA	NA	tutorial_fixture	false	tutorial_fixture;not_inference_output
R10	Normal	reference	chr4	31000000	40999999	330	339	10	1	neutral	NA	1	NA	NA	tutorial_fixture	false	tutorial_fixture;not_inference_output
R10	Normal	reference	chr4	41000000	50999999	340	349	10	1	neutral	NA	1	NA	NA	tutorial_fixture	false	tutorial_fixture;not_inference_output
R10	Normal	reference	chr4	51000000	60999999	350	359	10	1	neutral	NA	1	NA	NA	tutorial_fixture	false	tutorial_fixture;not_inference_output
R10	Normal	reference	chr4	61000000	70999999	360	369	10	1	neutral	NA	1	NA	NA	tutorial_fixture	false	tutorial_fixture;not_inference_output
R10	Normal	reference	chr4	71000000	80999999	370	379	10	1	neutral	NA	1	NA	NA	tutorial_fixture	false	tutorial_fixture;not_inference_output
R10	Normal	reference	chr4	81000000	90999999	380	389	10	1	neutral	NA	1	NA	NA	tutorial_fixture	false	tutorial_fixture;not_inference_output
R10	Normal	reference	chr4	91000000	100999999	390	399	10	1	neutral	NA	1	NA	NA	tutorial_fixture	false	tutorial_fixture;not_inference_output
R11	Normal	reference	chr1	1000000	10999999	0	9	10	1	neutral	NA	1	NA	NA	tutorial_fixture	false	tutorial_fixture;not_inference_output
R11	Normal	reference	chr1	11000000	20999999	10	19	10	1	neutral	NA	1	NA	NA	tutorial_fixture	false	tutorial_fixture;not_inference_output
R11	Normal	reference	chr1	21000000	30999999	20	29	10	1	neutral	NA	1	NA	NA	tutorial_fixture	false	tutorial_fixture;not_inference_output
R11	Normal	reference	chr1	31000000	40999999	30	39	10	1	neutral	NA	1	NA	NA	tutorial_fixture	false	tutorial_fixture;not_inference_output
R11	Normal	reference	chr1	41000000	50999999	40	49	10	1	neutral	NA	1	NA	NA	tutorial_fixture	false	tutorial_fixture;not_inference_output
R11	Normal	reference	chr1	51000000	60999999	50	59	10	1	neutral	NA	1	NA	NA	tutorial_fixture	false	tutorial_fixture;not_inference_output
R11	Normal	reference	chr1	61000000	70999999	60	69	10	1	neutral	NA	1	NA	NA	tutorial_fixture	false	tutorial_fixture;not_inference_output
R11	Normal	reference	chr1	71000000	80999999	70	79	10	1	neutral	NA	1	NA	NA	tutorial_fixture	false	tutorial_fixture;not_inference_output
R11	Normal	reference	chr1	81000000	90999999	80	89	10	1	neutral	NA	1	NA	NA	tutorial_fixture	false	tutorial_fixture;not_inference_output
R11	Normal	reference	chr1	91000000	100999999	90	99	10	1	neutral	NA	1	NA	NA	tutorial_fixture	false	tutorial_fixture;not_inference_output
R11	Normal	reference	chr2	1000000	10999999	100	109	10	1	neutral	NA	1	NA	NA	tutorial_fixture	false	tutorial_fixture;not_inference_output
R11	Normal	reference	chr2	11000000	20999999	110	119	10	1	neutral	NA	1	NA	NA	tutorial_fixture	false	tutorial_fixture;not_inference_output
R11	Normal	reference	chr2	21000000	30999999	120	129	10	1	neutral	NA	1	NA	NA	tutorial_fixture	false	tutorial_fixture;not_inference_output
R11	Normal	reference	chr2	31000000	40999999	130	139	10	1	neutral	NA	1	NA	NA	tutorial_fixture	false	tutorial_fixture;not_inference_output
R11	Normal	reference	chr2	41000000	50999999	140	149	10	1	neutral	NA	1	NA	NA	tutorial_fixture	false	tutorial_fixture;not_inference_output
R11	Normal	reference	chr2	51000000	60999999	150	159	10	1	neutral	NA	1	NA	NA	tutorial_fixture	false	tutorial_fixture;not_inference_output
R11	Normal	reference	chr2	61000000	70999999	160	169	10	1	neutral	NA	1	NA	NA	tutorial_fixture	false	tutorial_fixture;not_inference_output
R11	Normal	reference	chr2	71000000	80999999	170	179	10	1	neutral	NA	1	NA	NA	tutorial_fixture	false	tutorial_fixture;not_inference_output
R11	Normal	reference	chr2	81000000	90999999	180	189	10	1	neutral	NA	1	NA	NA	tutorial_fixture	false	tutorial_fixture;not_inference_output
R11	Normal	reference	chr2	91000000	100999999	190	199	10	1	neutral	NA	1	NA	NA	tutorial_fixture	false	tutorial_fixture;not_inference_output
R11	Normal	reference	chr3	1000000	10999999	200	209	10	1	neutral	NA	1	NA	NA	tutorial_fixture	false	tutorial_fixture;not_inference_output
R11	Normal	reference	chr3	11000000	20999999	210	219	10	1	neutral	NA	1	NA	NA	tutorial_fixture	false	tutorial_fixture;not_inference_output
R11	Normal	reference	chr3	21000000	30999999	220	229	10	1	neutral	NA	1	NA	NA	tutorial_fixture	false	tutorial_fixture;not_inference_output
R11	Normal	reference	chr3	31000000	40999999	230	239	10	1	neutral	NA	1	NA	NA	tutorial_fixture	false	tutorial_fixture;not_inference_output
R11	Normal	reference	chr3	41000000	50999999	240	249	10	1	neutral	NA	1	NA	NA	tutorial_fixture	false	tutorial_fixture;not_inference_output
R11	Normal	reference	chr3	51000000	60999999	250	259	10	1	neutral	NA	1	NA	NA	tutorial_fixture	false	tutorial_fixture;not_inference_output
R11	Normal	reference	chr3	61000000	70999999	260	269	10	1	neutral	NA	1	NA	NA	tutorial_fixture	false	tutorial_fixture;not_inference_output
R11	Normal	reference	chr3	71000000	80999999	270	279	10	1	neutral	NA	1	NA	NA	tutorial_fixture	false	tutorial_fixture;not_inference_output
R11	Normal	reference	chr3	81000000	90999999	280	289	10	1	neutral	NA	1	NA	NA	tutorial_fixture	false	tutorial_fixture;not_inference_output
R11	Normal	reference	chr3	91000000	100999999	290	299	10	1	neutral	NA	1	NA	NA	tutorial_fixture	false	tutorial_fixture;not_inference_output
R11	Normal	reference	chr4	1000000	10999999	300	309	10	1	neutral	NA	1	NA	NA	tutorial_fixture	false	tutorial_fixture;not_inference_output
R11	Normal	reference	chr4	11000000	20999999	310	319	10	1	neutral	NA	1	NA	NA	tutorial_fixture	false	tutorial_fixture;not_inference_output
R11	Normal	reference	chr4	21000000	30999999	320	329	10	1	neutral	NA	1	NA	NA	tutorial_fixture	false	tutorial_fixture;not_inference_output
R11	Normal	reference	chr4	31000000	40999999	330	339	10	1	neutral	NA	1	NA	NA	tutorial_fixture	false	tutorial_fixture;not_inference_output
R11	Normal	reference	chr4	41000000	50999999	340	349	10	1	neutral	NA	1	NA	NA	tutorial_fixture	false	tutorial_fixture;not_inference_output
R11	Normal	reference	chr4	51000000	60999999	350	359	10	1	neutral	NA	1	NA	NA	tutorial_fixture	false	tutorial_fixture;not_inference_output
R11	Normal	reference	chr4	61000000	70999999	360	369	10	1	neutral	NA	1	NA	NA	tutorial_fixture	false	tutorial_fixture;not_inference_output
R11	Normal	reference	chr4	71000000	80999999	370	379	10	1	neutral	NA	1	NA	NA	tutorial_fixture	false	tutorial_fixture;not_inference_output
R11	Normal	reference	chr4	81000000	90999999	380	389	10	1	neutral	NA	1	NA	NA	tutorial_fixture	false	tutorial_fixture;not_inference_output
R11	Normal	reference	chr4	91000000	100999999	390	399	10	1	neutral	NA	1	NA	NA	tutorial_fixture	false	tutorial_fixture;not_inference_output
R12	Normal	reference	chr1	1000000	10999999	0	9	10	1	neutral	NA	1	NA	NA	tutorial_fixture	false	tutorial_fixture;not_inference_output
R12	Normal	reference	chr1	11000000	20999999	10	19	10	1	neutral	NA	1	NA	NA	tutorial_fixture	false	tutorial_fixture;not_inference_output
R12	Normal	reference	chr1	21000000	30999999	20	29	10	1	neutral	NA	1	NA	NA	tutorial_fixture	false	tutorial_fixture;not_inference_output
R12	Normal	reference	chr1	31000000	40999999	30	39	10	1	neutral	NA	1	NA	NA	tutorial_fixture	false	tutorial_fixture;not_inference_output
R12	Normal	reference	chr1	41000000	50999999	40	49	10	1	neutral	NA	1	NA	NA	tutorial_fixture	false	tutorial_fixture;not_inference_output
R12	Normal	reference	chr1	51000000	60999999	50	59	10	1	neutral	NA	1	NA	NA	tutorial_fixture	false	tutorial_fixture;not_inference_output
R12	Normal	reference	chr1	61000000	70999999	60	69	10	1	neutral	NA	1	NA	NA	tutorial_fixture	false	tutorial_fixture;not_inference_output
R12	Normal	reference	chr1	71000000	80999999	70	79	10	1	neutral	NA	1	NA	NA	tutorial_fixture	false	tutorial_fixture;not_inference_output
R12	Normal	reference	chr1	81000000	90999999	80	89	10	1	neutral	NA	1	NA	NA	tutorial_fixture	false	tutorial_fixture;not_inference_output
R12	Normal	reference	chr1	91000000	100999999	90	99	10	1	neutral	NA	1	NA	NA	tutorial_fixture	false	tutorial_fixture;not_inference_output
R12	Normal	reference	chr2	1000000	10999999	100	109	10	1	neutral	NA	1	NA	NA	tutorial_fixture	false	tutorial_fixture;not_inference_output
R12	Normal	reference	chr2	11000000	20999999	110	119	10	1	neutral	NA	1	NA	NA	tutorial_fixture	false	tutorial_fixture;not_inference_output
R12	Normal	reference	chr2	21000000	30999999	120	129	10	1	neutral	NA	1	NA	NA	tutorial_fixture	false	tutorial_fixture;not_inference_output
R12	Normal	reference	chr2	31000000	40999999	130	139	10	1	neutral	NA	1	NA	NA	tutorial_fixture	false	tutorial_fixture;not_inference_output
R12	Normal	reference	chr2	41000000	50999999	140	149	10	1	neutral	NA	1	NA	NA	tutorial_fixture	false	tutorial_fixture;not_inference_output
R12	Normal	reference	chr2	51000000	60999999	150	159	10	1	neutral	NA	1	NA	NA	tutorial_fixture	false	tutorial_fixture;not_inference_output
R12	Normal	reference	chr2	61000000	70999999	160	169	10	1	neutral	NA	1	NA	NA	tutorial_fixture	false	tutorial_fixture;not_inference_output
R12	Normal	reference	chr2	71000000	80999999	170	179	10	1	neutral	NA	1	NA	NA	tutorial_fixture	false	tutorial_fixture;not_inference_output
R12	Normal	reference	chr2	81000000	90999999	180	189	10	1	neutral	NA	1	NA	NA	tutorial_fixture	false	tutorial_fixture;not_inference_output
R12	Normal	reference	chr2	91000000	100999999	190	199	10	1	neutral	NA	1	NA	NA	tutorial_fixture	false	tutorial_fixture;not_inference_output
R12	Normal	reference	chr3	1000000	10999999	200	209	10	1	neutral	NA	1	NA	NA	tutorial_fixture	false	tutorial_fixture;not_inference_output
R12	Normal	reference	chr3	11000000	20999999	210	219	10	1	neutral	NA	1	NA	NA	tutorial_fixture	false	tutorial_fixture;not_inference_output
R12	Normal	reference	chr3	21000000	30999999	220	229	10	1	neutral	NA	1	NA	NA	tutorial_fixture	false	tutorial_fixture;not_inference_output
R12	Normal	reference	chr3	31000000	40999999	230	239	10	1	neutral	NA	1	NA	NA	tutorial_fixture	false	tutorial_fixture;not_inference_output
R12	Normal	reference	chr3	41000000	50999999	240	249	10	1	neutral	NA	1	NA	NA	tutorial_fixture	false	tutorial_fixture;not_inference_output
R12	Normal	reference	chr3	51000000	60999999	250	259	10	1	neutral	NA	1	NA	NA	tutorial_fixture	false	tutorial_fixture;not_inference_output
R12	Normal	reference	chr3	61000000	70999999	260	269	10	1	neutral	NA	1	NA	NA	tutorial_fixture	false	tutorial_fixture;not_inference_output
R12	Normal	reference	chr3	71000000	80999999	270	279	10	1	neutral	NA	1	NA	NA	tutorial_fixture	false	tutorial_fixture;not_inference_output
R12	Normal	reference	chr3	81000000	90999999	280	289	10	1	neutral	NA	1	NA	NA	tutorial_fixture	false	tutorial_fixture;not_inference_output
R12	Normal	reference	chr3	91000000	100999999	290	299	10	1	neutral	NA	1	NA	NA	tutorial_fixture	false	tutorial_fixture;not_inference_output
R12	Normal	reference	chr4	1000000	10999999	300	309	10	1	neutral	NA	1	NA	NA	tutorial_fixture	false	tutorial_fixture;not_inference_output
R12	Normal	reference	chr4	11000000	20999999	310	319	10	1	neutral	NA	1	NA	NA	tutorial_fixture	false	tutorial_fixture;not_inference_output
R12	Normal	reference	chr4	21000000	30999999	320	329	10	1	neutral	NA	1	NA	NA	tutorial_fixture	false	tutorial_fixture;not_inference_output
R12	Normal	reference	chr4	31000000	40999999	330	339	10	1	neutral	NA	1	NA	NA	tutorial_fixture	false	tutorial_fixture;not_inference_output
R12	Normal	reference	chr4	41000000	50999999	340	349	10	1	neutral	NA	1	NA	NA	tutorial_fixture	false	tutorial_fixture;not_inference_output
R12	Normal	reference	chr4	51000000	60999999	350	359	10	1	neutral	NA	1	NA	NA	tutorial_fixture	false	tutorial_fixture;not_inference_output
R12	Normal	reference	chr4	61000000	70999999	360	369	10	1	neutral	NA	1	NA	NA	tutorial_fixture	false	tutorial_fixture;not_inference_output
R12	Normal	reference	chr4	71000000	80999999	370	379	10	1	neutral	NA	1	NA	NA	tutorial_fixture	false	tutorial_fixture;not_inference_output
R12	Normal	reference	chr4	81000000	90999999	380	389	10	1	neutral	NA	1	NA	NA	tutorial_fixture	false	tutorial_fixture;not_inference_output
R12	Normal	reference	chr4	91000000	100999999	390	399	10	1	neutral	NA	1	NA	NA	tutorial_fixture	false	tutorial_fixture;not_inference_output
O1	Tumor	observation	chr1	1000000	10999999	0	9	10	1	neutral	NA	1	NA	NA	tutorial_fixture	false	tutorial_fixture;not_inference_output
O1	Tumor	observation	chr1	11000000	20999999	10	19	10	1	neutral	NA	1	NA	NA	tutorial_fixture	false	tutorial_fixture;not_inference_output
O1	Tumor	observation	chr1	21000000	30999999	20	29	10	1	neutral	NA	1	NA	NA	tutorial_fixture	false	tutorial_fixture;not_inference_output
O1	Tumor	observation	chr1	31000000	40999999	30	39	10	1	neutral	NA	1	NA	NA	tutorial_fixture	false	tutorial_fixture;not_inference_output
O1	Tumor	observation	chr1	41000000	50999999	40	49	10	1	neutral	NA	1	NA	NA	tutorial_fixture	false	tutorial_fixture;not_inference_output
O1	Tumor	observation	chr1	51000000	60999999	50	59	10	1	neutral	NA	1	NA	NA	tutorial_fixture	false	tutorial_fixture;not_inference_output
O1	Tumor	observation	chr1	61000000	70999999	60	69	10	1	neutral	NA	1	NA	NA	tutorial_fixture	false	tutorial_fixture;not_inference_output
O1	Tumor	observation	chr1	71000000	80999999	70	79	10	1	neutral	NA	1	NA	NA	tutorial_fixture	false	tutorial_fixture;not_inference_output
O1	Tumor	observation	chr1	81000000	90999999	80	89	10	1	neutral	NA	1	NA	NA	tutorial_fixture	false	tutorial_fixture;not_inference_output
O1	Tumor	observation	chr1	91000000	100999999	90	99	10	1	neutral	NA	1	NA	NA	tutorial_fixture	false	tutorial_fixture;not_inference_output
O1	Tumor	observation	chr2	1000000	10999999	100	109	10	2	gain	NA	2	NA	NA	tutorial_fixture	false	tutorial_fixture;not_inference_output
O1	Tumor	observation	chr2	11000000	20999999	110	119	10	2	gain	NA	2	NA	NA	tutorial_fixture	false	tutorial_fixture;not_inference_output
O1	Tumor	observation	chr2	21000000	30999999	120	129	10	1	neutral	NA	1	NA	NA	tutorial_fixture	false	tutorial_fixture;not_inference_output
O1	Tumor	observation	chr2	31000000	40999999	130	139	10	2	gain	NA	2	NA	NA	tutorial_fixture	false	tutorial_fixture;not_inference_output
O1	Tumor	observation	chr2	41000000	50999999	140	149	10	2	gain	NA	2	NA	NA	tutorial_fixture	false	tutorial_fixture;not_inference_output
O1	Tumor	observation	chr2	51000000	60999999	150	159	10	2	gain	NA	2	NA	NA	tutorial_fixture	false	tutorial_fixture;not_inference_output
O1	Tumor	observation	chr2	61000000	70999999	160	169	10	2	gain	NA	2	NA	NA	tutorial_fixture	false	tutorial_fixture;not_inference_output
O1	Tumor	observation	chr2	71000000	80999999	170	179	10	1	neutral	NA	1	NA	NA	tutorial_fixture	false	tutorial_fixture;not_inference_output
O1	Tumor	observation	chr2	81000000	90999999	180	189	10	2	gain	NA	2	NA	NA	tutorial_fixture	false	tutorial_fixture;not_inference_output
O1	Tumor	observation	chr2	91000000	100999999	190	199	10	2	gain	NA	2	NA	NA	tutorial_fixture	false	tutorial_fixture;not_inference_output
O1	Tumor	observation	chr3	1000000	10999999	200	209	10	0	loss	NA	0	NA	NA	tutorial_fixture	false	tutorial_fixture;not_inference_output
O1	Tumor	observation	chr3	11000000	20999999	210	219	10	1	neutral	NA	1	NA	NA	tutorial_fixture	false	tutorial_fixture;not_inference_output
O1	Tumor	observation	chr3	21000000	30999999	220	229	10	0	loss	NA	0	NA	NA	tutorial_fixture	false	tutorial_fixture;not_inference_output
O1	Tumor	observation	chr3	31000000	40999999	230	239	10	0	loss	NA	0	NA	NA	tutorial_fixture	false	tutorial_fixture;not_inference_output
O1	Tumor	observation	chr3	41000000	50999999	240	249	10	0	loss	NA	0	NA	NA	tutorial_fixture	false	tutorial_fixture;not_inference_output
O1	Tumor	observation	chr3	51000000	60999999	250	259	10	0	loss	NA	0	NA	NA	tutorial_fixture	false	tutorial_fixture;not_inference_output
O1	Tumor	observation	chr3	61000000	70999999	260	269	10	0	loss	NA	0	NA	NA	tutorial_fixture	false	tutorial_fixture;not_inference_output
O1	Tumor	observation	chr3	71000000	80999999	270	279	10	0	loss	NA	0	NA	NA	tutorial_fixture	false	tutorial_fixture;not_inference_output
O1	Tumor	observation	chr3	81000000	90999999	280	289	10	1	neutral	NA	1	NA	NA	tutorial_fixture	false	tutorial_fixture;not_inference_output
O1	Tumor	observation	chr3	91000000	100999999	290	299	10	0	loss	NA	0	NA	NA	tutorial_fixture	false	tutorial_fixture;not_inference_output
O1	Tumor	observation	chr4	1000000	10999999	300	309	10	1	neutral	NA	1	NA	NA	tutorial_fixture	false	tutorial_fixture;not_inference_output
O1	Tumor	observation	chr4	11000000	20999999	310	319	10	1	neutral	NA	1	NA	NA	tutorial_fixture	false	tutorial_fixture;not_inference_output
O1	Tumor	observation	chr4	21000000	30999999	320	329	10	1	neutral	NA	1	NA	NA	tutorial_fixture	false	tutorial_fixture;not_inference_output
O1	Tumor	observation	chr4	31000000	40999999	330	339	10	1	neutral	NA	1	NA	NA	tutorial_fixture	false	tutorial_fixture;not_inference_output
O1	Tumor	observation	chr4	41000000	50999999	340	349	10	1	neutral	NA	1	NA	NA	tutorial_fixture	false	tutorial_fixture;not_inference_output
O1	Tumor	observation	chr4	51000000	60999999	350	359	10	1	neutral	NA	1	NA	NA	tutorial_fixture	false	tutorial_fixture;not_inference_output
O1	Tumor	observation	chr4	61000000	70999999	360	369	10	1	neutral	NA	1	NA	NA	tutorial_fixture	false	tutorial_fixture;not_inference_output
O1	Tumor	observation	chr4	71000000	80999999	370	379	10	1	neutral	NA	1	NA	NA	tutorial_fixture	false	tutorial_fixture;not_inference_output
O1	Tumor	observation	chr4	81000000	90999999	380	389	10	1	neutral	NA	1	NA	NA	tutorial_fixture	false	tutorial_fixture;not_inference_output
O1	Tumor	observation	chr4	91000000	100999999	390	399	10	1	neutral	NA	1	NA	NA	tutorial_fixture	false	tutorial_fixture;not_inference_output
O2	Tumor	observation	chr1	1000000	10999999	0	9	10	1	neutral	NA	1	NA	NA	tutorial_fixture	false	tutorial_fixture;not_inference_output
O2	Tumor	observation	chr1	11000000	20999999	10	19	10	1	neutral	NA	1	NA	NA	tutorial_fixture	false	tutorial_fixture;not_inference_output
O2	Tumor	observation	chr1	21000000	30999999	20	29	10	1	neutral	NA	1	NA	NA	tutorial_fixture	false	tutorial_fixture;not_inference_output
O2	Tumor	observation	chr1	31000000	40999999	30	39	10	1	neutral	NA	1	NA	NA	tutorial_fixture	false	tutorial_fixture;not_inference_output
O2	Tumor	observation	chr1	41000000	50999999	40	49	10	1	neutral	NA	1	NA	NA	tutorial_fixture	false	tutorial_fixture;not_inference_output
O2	Tumor	observation	chr1	51000000	60999999	50	59	10	1	neutral	NA	1	NA	NA	tutorial_fixture	false	tutorial_fixture;not_inference_output
O2	Tumor	observation	chr1	61000000	70999999	60	69	10	1	neutral	NA	1	NA	NA	tutorial_fixture	false	tutorial_fixture;not_inference_output
O2	Tumor	observation	chr1	71000000	80999999	70	79	10	1	neutral	NA	1	NA	NA	tutorial_fixture	false	tutorial_fixture;not_inference_output
O2	Tumor	observation	chr1	81000000	90999999	80	89	10	1	neutral	NA	1	NA	NA	tutorial_fixture	false	tutorial_fixture;not_inference_output
O2	Tumor	observation	chr1	91000000	100999999	90	99	10	1	neutral	NA	1	NA	NA	tutorial_fixture	false	tutorial_fixture;not_inference_output
O2	Tumor	observation	chr2	1000000	10999999	100	109	10	2	gain	NA	2	NA	NA	tutorial_fixture	false	tutorial_fixture;not_inference_output
O2	Tumor	observation	chr2	11000000	20999999	110	119	10	2	gain	NA	2	NA	NA	tutorial_fixture	false	tutorial_fixture;not_inference_output
O2	Tumor	observation	chr2	21000000	30999999	120	129	10	1	neutral	NA	1	NA	NA	tutorial_fixture	false	tutorial_fixture;not_inference_output
O2	Tumor	observation	chr2	31000000	40999999	130	139	10	2	gain	NA	2	NA	NA	tutorial_fixture	false	tutorial_fixture;not_inference_output
O2	Tumor	observation	chr2	41000000	50999999	140	149	10	2	gain	NA	2	NA	NA	tutorial_fixture	false	tutorial_fixture;not_inference_output
O2	Tumor	observation	chr2	51000000	60999999	150	159	10	2	gain	NA	2	NA	NA	tutorial_fixture	false	tutorial_fixture;not_inference_output
O2	Tumor	observation	chr2	61000000	70999999	160	169	10	2	gain	NA	2	NA	NA	tutorial_fixture	false	tutorial_fixture;not_inference_output
O2	Tumor	observation	chr2	71000000	80999999	170	179	10	1	neutral	NA	1	NA	NA	tutorial_fixture	false	tutorial_fixture;not_inference_output
O2	Tumor	observation	chr2	81000000	90999999	180	189	10	2	gain	NA	2	NA	NA	tutorial_fixture	false	tutorial_fixture;not_inference_output
O2	Tumor	observation	chr2	91000000	100999999	190	199	10	2	gain	NA	2	NA	NA	tutorial_fixture	false	tutorial_fixture;not_inference_output
O2	Tumor	observation	chr3	1000000	10999999	200	209	10	0	loss	NA	0	NA	NA	tutorial_fixture	false	tutorial_fixture;not_inference_output
O2	Tumor	observation	chr3	11000000	20999999	210	219	10	1	neutral	NA	1	NA	NA	tutorial_fixture	false	tutorial_fixture;not_inference_output
O2	Tumor	observation	chr3	21000000	30999999	220	229	10	0	loss	NA	0	NA	NA	tutorial_fixture	false	tutorial_fixture;not_inference_output
O2	Tumor	observation	chr3	31000000	40999999	230	239	10	0	loss	NA	0	NA	NA	tutorial_fixture	false	tutorial_fixture;not_inference_output
O2	Tumor	observation	chr3	41000000	50999999	240	249	10	0	loss	NA	0	NA	NA	tutorial_fixture	false	tutorial_fixture;not_inference_output
O2	Tumor	observation	chr3	51000000	60999999	250	259	10	0	loss	NA	0	NA	NA	tutorial_fixture	false	tutorial_fixture;not_inference_output
O2	Tumor	observation	chr3	61000000	70999999	260	269	10	0	loss	NA	0	NA	NA	tutorial_fixture	false	tutorial_fixture;not_inference_output
O2	Tumor	observation	chr3	71000000	80999999	270	279	10	0	loss	NA	0	NA	NA	tutorial_fixture	false	tutorial_fixture;not_inference_output
O2	Tumor	observation	chr3	81000000	90999999	280	289	10	1	neutral	NA	1	NA	NA	tutorial_fixture	false	tutorial_fixture;not_inference_output
O2	Tumor	observation	chr3	91000000	100999999	290	299	10	0	loss	NA	0	NA	NA	tutorial_fixture	false	tutorial_fixture;not_inference_output
O2	Tumor	observation	chr4	1000000	10999999	300	309	10	1	neutral	NA	1	NA	NA	tutorial_fixture	false	tutorial_fixture;not_inference_output
O2	Tumor	observation	chr4	11000000	20999999	310	319	10	1	neutral	NA	1	NA	NA	tutorial_fixture	false	tutorial_fixture;not_inference_output
O2	Tumor	observation	chr4	21000000	30999999	320	329	10	1	neutral	NA	1	NA	NA	tutorial_fixture	false	tutorial_fixture;not_inference_output
O2	Tumor	observation	chr4	31000000	40999999	330	339	10	1	neutral	NA	1	NA	NA	tutorial_fixture	false	tutorial_fixture;not_inference_output
O2	Tumor	observation	chr4	41000000	50999999	340	349	10	1	neutral	NA	1	NA	NA	tutorial_fixture	false	tutorial_fixture;not_inference_output
O2	Tumor	observation	chr4	51000000	60999999	350	359	10	1	neutral	NA	1	NA	NA	tutorial_fixture	false	tutorial_fixture;not_inference_output
O2	Tumor	observation	chr4	61000000	70999999	360	369	10	1	neutral	NA	1	NA	NA	tutorial_fixture	false	tutorial_fixture;not_inference_output
O2	Tumor	observation	chr4	71000000	80999999	370	379	10	1	neutral	NA	1	NA	NA	tutorial_fixture	false	tutorial_fixture;not_inference_output
O2	Tumor	observation	chr4	81000000	90999999	380	389	10	1	neutral	NA	1	NA	NA	tutorial_fixture	false	tutorial_fixture;not_inference_output
O2	Tumor	observation	chr4	91000000	100999999	390	399	10	1	neutral	NA	1	NA	NA	tutorial_fixture	false	tutorial_fixture;not_inference_output
O3	Tumor	observation	chr1	1000000	10999999	0	9	10	1	neutral	NA	1	NA	NA	tutorial_fixture	false	tutorial_fixture;not_inference_output
O3	Tumor	observation	chr1	11000000	20999999	10	19	10	1	neutral	NA	1	NA	NA	tutorial_fixture	false	tutorial_fixture;not_inference_output
O3	Tumor	observation	chr1	21000000	30999999	20	29	10	1	neutral	NA	1	NA	NA	tutorial_fixture	false	tutorial_fixture;not_inference_output
O3	Tumor	observation	chr1	31000000	40999999	30	39	10	1	neutral	NA	1	NA	NA	tutorial_fixture	false	tutorial_fixture;not_inference_output
O3	Tumor	observation	chr1	41000000	50999999	40	49	10	1	neutral	NA	1	NA	NA	tutorial_fixture	false	tutorial_fixture;not_inference_output
O3	Tumor	observation	chr1	51000000	60999999	50	59	10	1	neutral	NA	1	NA	NA	tutorial_fixture	false	tutorial_fixture;not_inference_output
O3	Tumor	observation	chr1	61000000	70999999	60	69	10	1	neutral	NA	1	NA	NA	tutorial_fixture	false	tutorial_fixture;not_inference_output
O3	Tumor	observation	chr1	71000000	80999999	70	79	10	1	neutral	NA	1	NA	NA	tutorial_fixture	false	tutorial_fixture;not_inference_output
O3	Tumor	observation	chr1	81000000	90999999	80	89	10	1	neutral	NA	1	NA	NA	tutorial_fixture	false	tutorial_fixture;not_inference_output
O3	Tumor	observation	chr1	91000000	100999999	90	99	10	1	neutral	NA	1	NA	NA	tutorial_fixture	false	tutorial_fixture;not_inference_output
O3	Tumor	observation	chr2	1000000	10999999	100	109	10	2	gain	NA	2	NA	NA	tutorial_fixture	false	tutorial_fixture;not_inference_output
O3	Tumor	observation	chr2	11000000	20999999	110	119	10	2	gain	NA	2	NA	NA	tutorial_fixture	false	tutorial_fixture;not_inference_output
O3	Tumor	observation	chr2	21000000	30999999	120	129	10	1	neutral	NA	1	NA	NA	tutorial_fixture	false	tutorial_fixture;not_inference_output
O3	Tumor	observation	chr2	31000000	40999999	130	139	10	2	gain	NA	2	NA	NA	tutorial_fixture	false	tutorial_fixture;not_inference_output
O3	Tumor	observation	chr2	41000000	50999999	140	149	10	2	gain	NA	2	NA	NA	tutorial_fixture	false	tutorial_fixture;not_inference_output
O3	Tumor	observation	chr2	51000000	60999999	150	159	10	2	gain	NA	2	NA	NA	tutorial_fixture	false	tutorial_fixture;not_inference_output
O3	Tumor	observation	chr2	61000000	70999999	160	169	10	2	gain	NA	2	NA	NA	tutorial_fixture	false	tutorial_fixture;not_inference_output
O3	Tumor	observation	chr2	71000000	80999999	170	179	10	1	neutral	NA	1	NA	NA	tutorial_fixture	false	tutorial_fixture;not_inference_output
O3	Tumor	observation	chr2	81000000	90999999	180	189	10	2	gain	NA	2	NA	NA	tutorial_fixture	false	tutorial_fixture;not_inference_output
O3	Tumor	observation	chr2	91000000	100999999	190	199	10	2	gain	NA	2	NA	NA	tutorial_fixture	false	tutorial_fixture;not_inference_output
O3	Tumor	observation	chr3	1000000	10999999	200	209	10	0	loss	NA	0	NA	NA	tutorial_fixture	false	tutorial_fixture;not_inference_output
O3	Tumor	observation	chr3	11000000	20999999	210	219	10	1	neutral	NA	1	NA	NA	tutorial_fixture	false	tutorial_fixture;not_inference_output
O3	Tumor	observation	chr3	21000000	30999999	220	229	10	0	loss	NA	0	NA	NA	tutorial_fixture	false	tutorial_fixture;not_inference_output
O3	Tumor	observation	chr3	31000000	40999999	230	239	10	0	loss	NA	0	NA	NA	tutorial_fixture	false	tutorial_fixture;not_inference_output
O3	Tumor	observation	chr3	41000000	50999999	240	249	10	0	loss	NA	0	NA	NA	tutorial_fixture	false	tutorial_fixture;not_inference_output
O3	Tumor	observation	chr3	51000000	60999999	250	259	10	0	loss	NA	0	NA	NA	tutorial_fixture	false	tutorial_fixture;not_inference_output
O3	Tumor	observation	chr3	61000000	70999999	260	269	10	0	loss	NA	0	NA	NA	tutorial_fixture	false	tutorial_fixture;not_inference_output
O3	Tumor	observation	chr3	71000000	80999999	270	279	10	0	loss	NA	0	NA	NA	tutorial_fixture	false	tutorial_fixture;not_inference_output
O3	Tumor	observation	chr3	81000000	90999999	280	289	10	1	neutral	NA	1	NA	NA	tutorial_fixture	false	tutorial_fixture;not_inference_output
O3	Tumor	observation	chr3	91000000	100999999	290	299	10	0	loss	NA	0	NA	NA	tutorial_fixture	false	tutorial_fixture;not_inference_output
O3	Tumor	observation	chr4	1000000	10999999	300	309	10	1	neutral	NA	1	NA	NA	tutorial_fixture	false	tutorial_fixture;not_inference_output
O3	Tumor	observation	chr4	11000000	20999999	310	319	10	1	neutral	NA	1	NA	NA	tutorial_fixture	false	tutorial_fixture;not_inference_output
O3	Tumor	observation	chr4	21000000	30999999	320	329	10	1	neutral	NA	1	NA	NA	tutorial_fixture	false	tutorial_fixture;not_inference_output
O3	Tumor	observation	chr4	31000000	40999999	330	339	10	1	neutral	NA	1	NA	NA	tutorial_fixture	false	tutorial_fixture;not_inference_output
O3	Tumor	observation	chr4	41000000	50999999	340	349	10	1	neutral	NA	1	NA	NA	tutorial_fixture	false	tutorial_fixture;not_inference_output
O3	Tumor	observation	chr4	51000000	60999999	350	359	10	1	neutral	NA	1	NA	NA	tutorial_fixture	false	tutorial_fixture;not_inference_output
O3	Tumor	observation	chr4	61000000	70999999	360	369	10	1	neutral	NA	1	NA	NA	tutorial_fixture	false	tutorial_fixture;not_inference_output
O3	Tumor	observation	chr4	71000000	80999999	370	379	10	1	neutral	NA	1	NA	NA	tutorial_fixture	false	tutorial_fixture;not_inference_output
O3	Tumor	observation	chr4	81000000	90999999	380	389	10	1	neutral	NA	1	NA	NA	tutorial_fixture	false	tutorial_fixture;not_inference_output
O3	Tumor	observation	chr4	91000000	100999999	390	399	10	1	neutral	NA	1	NA	NA	tutorial_fixture	false	tutorial_fixture;not_inference_output
O4	Tumor	observation	chr1	1000000	10999999	0	9	10	1	neutral	NA	1	NA	NA	tutorial_fixture	false	tutorial_fixture;not_inference_output
O4	Tumor	observation	chr1	11000000	20999999	10	19	10	1	neutral	NA	1	NA	NA	tutorial_fixture	false	tutorial_fixture;not_inference_output
O4	Tumor	observation	chr1	21000000	30999999	20	29	10	1	neutral	NA	1	NA	NA	tutorial_fixture	false	tutorial_fixture;not_inference_output
O4	Tumor	observation	chr1	31000000	40999999	30	39	10	1	neutral	NA	1	NA	NA	tutorial_fixture	false	tutorial_fixture;not_inference_output
O4	Tumor	observation	chr1	41000000	50999999	40	49	10	1	neutral	NA	1	NA	NA	tutorial_fixture	false	tutorial_fixture;not_inference_output
O4	Tumor	observation	chr1	51000000	60999999	50	59	10	1	neutral	NA	1	NA	NA	tutorial_fixture	false	tutorial_fixture;not_inference_output
O4	Tumor	observation	chr1	61000000	70999999	60	69	10	1	neutral	NA	1	NA	NA	tutorial_fixture	false	tutorial_fixture;not_inference_output
O4	Tumor	observation	chr1	71000000	80999999	70	79	10	1	neutral	NA	1	NA	NA	tutorial_fixture	false	tutorial_fixture;not_inference_output
O4	Tumor	observation	chr1	81000000	90999999	80	89	10	1	neutral	NA	1	NA	NA	tutorial_fixture	false	tutorial_fixture;not_inference_output
O4	Tumor	observation	chr1	91000000	100999999	90	99	10	1	neutral	NA	1	NA	NA	tutorial_fixture	false	tutorial_fixture;not_inference_output
O4	Tumor	observation	chr2	1000000	10999999	100	109	10	2	gain	NA	2	NA	NA	tutorial_fixture	false	tutorial_fixture;not_inference_output
O4	Tumor	observation	chr2	11000000	20999999	110	119	10	2	gain	NA	2	NA	NA	tutorial_fixture	false	tutorial_fixture;not_inference_output
O4	Tumor	observation	chr2	21000000	30999999	120	129	10	1	neutral	NA	1	NA	NA	tutorial_fixture	false	tutorial_fixture;not_inference_output
O4	Tumor	observation	chr2	31000000	40999999	130	139	10	2	gain	NA	2	NA	NA	tutorial_fixture	false	tutorial_fixture;not_inference_output
O4	Tumor	observation	chr2	41000000	50999999	140	149	10	2	gain	NA	2	NA	NA	tutorial_fixture	false	tutorial_fixture;not_inference_output
O4	Tumor	observation	chr2	51000000	60999999	150	159	10	2	gain	NA	2	NA	NA	tutorial_fixture	false	tutorial_fixture;not_inference_output
O4	Tumor	observation	chr2	61000000	70999999	160	169	10	2	gain	NA	2	NA	NA	tutorial_fixture	false	tutorial_fixture;not_inference_output
O4	Tumor	observation	chr2	71000000	80999999	170	179	10	1	neutral	NA	1	NA	NA	tutorial_fixture	false	tutorial_fixture;not_inference_output
O4	Tumor	observation	chr2	81000000	90999999	180	189	10	2	gain	NA	2	NA	NA	tutorial_fixture	false	tutorial_fixture;not_inference_output
O4	Tumor	observation	chr2	91000000	100999999	190	199	10	2	gain	NA	2	NA	NA	tutorial_fixture	false	tutorial_fixture;not_inference_output
O4	Tumor	observation	chr3	1000000	10999999	200	209	10	0	loss	NA	0	NA	NA	tutorial_fixture	false	tutorial_fixture;not_inference_output
O4	Tumor	observation	chr3	11000000	20999999	210	219	10	1	neutral	NA	1	NA	NA	tutorial_fixture	false	tutorial_fixture;not_inference_output
O4	Tumor	observation	chr3	21000000	30999999	220	229	10	0	loss	NA	0	NA	NA	tutorial_fixture	false	tutorial_fixture;not_inference_output
O4	Tumor	observation	chr3	31000000	40999999	230	239	10	0	loss	NA	0	NA	NA	tutorial_fixture	false	tutorial_fixture;not_inference_output
O4	Tumor	observation	chr3	41000000	50999999	240	249	10	0	loss	NA	0	NA	NA	tutorial_fixture	false	tutorial_fixture;not_inference_output
O4	Tumor	observation	chr3	51000000	60999999	250	259	10	0	loss	NA	0	NA	NA	tutorial_fixture	false	tutorial_fixture;not_inference_output
O4	Tumor	observation	chr3	61000000	70999999	260	269	10	0	loss	NA	0	NA	NA	tutorial_fixture	false	tutorial_fixture;not_inference_output
O4	Tumor	observation	chr3	71000000	80999999	270	279	10	0	loss	NA	0	NA	NA	tutorial_fixture	false	tutorial_fixture;not_inference_output
O4	Tumor	observation	chr3	81000000	90999999	280	289	10	1	neutral	NA	1	NA	NA	tutorial_fixture	false	tutorial_fixture;not_inference_output
O4	Tumor	observation	chr3	91000000	100999999	290	299	10	0	loss	NA	0	NA	NA	tutorial_fixture	false	tutorial_fixture;not_inference_output
O4	Tumor	observation	chr4	1000000	10999999	300	309	10	1	neutral	NA	1	NA	NA	tutorial_fixture	false	tutorial_fixture;not_inference_output
O4	Tumor	observation	chr4	11000000	20999999	310	319	10	1	neutral	NA	1	NA	NA	tutorial_fixture	false	tutorial_fixture;not_inference_output
O4	Tumor	observation	chr4	21000000	30999999	320	329	10	1	neutral	NA	1	NA	NA	tutorial_fixture	false	tutorial_fixture;not_inference_output
O4	Tumor	observation	chr4	31000000	40999999	330	339	10	1	neutral	NA	1	NA	NA	tutorial_fixture	false	tutorial_fixture;not_inference_output
O4	Tumor	observation	chr4	41000000	50999999	340	349	10	1	neutral	NA	1	NA	NA	tutorial_fixture	false	tutorial_fixture;not_inference_output
O4	Tumor	observation	chr4	51000000	60999999	350	359	10	1	neutral	NA	1	NA	NA	tutorial_fixture	false	tutorial_fixture;not_inference_output
O4	Tumor	observation	chr4	61000000	70999999	360	369	10	1	neutral	NA	1	NA	NA	tutorial_fixture	false	tutorial_fixture;not_inference_output
O4	Tumor	observation	chr4	71000000	80999999	370	379	10	1	neutral	NA	1	NA	NA	tutorial_fixture	false	tutorial_fixture;not_inference_output
O4	Tumor	observation	chr4	81000000	90999999	380	389	10	1	neutral	NA	1	NA	NA	tutorial_fixture	false	tutorial_fixture;not_inference_output
O4	Tumor	observation	chr4	91000000	100999999	390	399	10	1	neutral	NA	1	NA	NA	tutorial_fixture	false	tutorial_fixture;not_inference_output
O5	Tumor	observation	chr1	1000000	10999999	0	9	10	1	neutral	NA	1	NA	NA	tutorial_fixture	false	tutorial_fixture;not_inference_output
O5	Tumor	observation	chr1	11000000	20999999	10	19	10	1	neutral	NA	1	NA	NA	tutorial_fixture	false	tutorial_fixture;not_inference_output
O5	Tumor	observation	chr1	21000000	30999999	20	29	10	1	neutral	NA	1	NA	NA	tutorial_fixture	false	tutorial_fixture;not_inference_output
O5	Tumor	observation	chr1	31000000	40999999	30	39	10	1	neutral	NA	1	NA	NA	tutorial_fixture	false	tutorial_fixture;not_inference_output
O5	Tumor	observation	chr1	41000000	50999999	40	49	10	1	neutral	NA	1	NA	NA	tutorial_fixture	false	tutorial_fixture;not_inference_output
O5	Tumor	observation	chr1	51000000	60999999	50	59	10	1	neutral	NA	1	NA	NA	tutorial_fixture	false	tutorial_fixture;not_inference_output
O5	Tumor	observation	chr1	61000000	70999999	60	69	10	1	neutral	NA	1	NA	NA	tutorial_fixture	false	tutorial_fixture;not_inference_output
O5	Tumor	observation	chr1	71000000	80999999	70	79	10	1	neutral	NA	1	NA	NA	tutorial_fixture	false	tutorial_fixture;not_inference_output
O5	Tumor	observation	chr1	81000000	90999999	80	89	10	1	neutral	NA	1	NA	NA	tutorial_fixture	false	tutorial_fixture;not_inference_output
O5	Tumor	observation	chr1	91000000	100999999	90	99	10	1	neutral	NA	1	NA	NA	tutorial_fixture	false	tutorial_fixture;not_inference_output
O5	Tumor	observation	chr2	1000000	10999999	100	109	10	2	gain	NA	2	NA	NA	tutorial_fixture	false	tutorial_fixture;not_inference_output
O5	Tumor	observation	chr2	11000000	20999999	110	119	10	2	gain	NA	2	NA	NA	tutorial_fixture	false	tutorial_fixture;not_inference_output
O5	Tumor	observation	chr2	21000000	30999999	120	129	10	1	neutral	NA	1	NA	NA	tutorial_fixture	false	tutorial_fixture;not_inference_output
O5	Tumor	observation	chr2	31000000	40999999	130	139	10	2	gain	NA	2	NA	NA	tutorial_fixture	false	tutorial_fixture;not_inference_output
O5	Tumor	observation	chr2	41000000	50999999	140	149	10	2	gain	NA	2	NA	NA	tutorial_fixture	false	tutorial_fixture;not_inference_output
O5	Tumor	observation	chr2	51000000	60999999	150	159	10	2	gain	NA	2	NA	NA	tutorial_fixture	false	tutorial_fixture;not_inference_output
O5	Tumor	observation	chr2	61000000	70999999	160	169	10	2	gain	NA	2	NA	NA	tutorial_fixture	false	tutorial_fixture;not_inference_output
O5	Tumor	observation	chr2	71000000	80999999	170	179	10	1	neutral	NA	1	NA	NA	tutorial_fixture	false	tutorial_fixture;not_inference_output
O5	Tumor	observation	chr2	81000000	90999999	180	189	10	2	gain	NA	2	NA	NA	tutorial_fixture	false	tutorial_fixture;not_inference_output
O5	Tumor	observation	chr2	91000000	100999999	190	199	10	2	gain	NA	2	NA	NA	tutorial_fixture	false	tutorial_fixture;not_inference_output
O5	Tumor	observation	chr3	1000000	10999999	200	209	10	0	loss	NA	0	NA	NA	tutorial_fixture	false	tutorial_fixture;not_inference_output
O5	Tumor	observation	chr3	11000000	20999999	210	219	10	1	neutral	NA	1	NA	NA	tutorial_fixture	false	tutorial_fixture;not_inference_output
O5	Tumor	observation	chr3	21000000	30999999	220	229	10	0	loss	NA	0	NA	NA	tutorial_fixture	false	tutorial_fixture;not_inference_output
O5	Tumor	observation	chr3	31000000	40999999	230	239	10	0	loss	NA	0	NA	NA	tutorial_fixture	false	tutorial_fixture;not_inference_output
O5	Tumor	observation	chr3	41000000	50999999	240	249	10	0	loss	NA	0	NA	NA	tutorial_fixture	false	tutorial_fixture;not_inference_output
O5	Tumor	observation	chr3	51000000	60999999	250	259	10	0	loss	NA	0	NA	NA	tutorial_fixture	false	tutorial_fixture;not_inference_output
O5	Tumor	observation	chr3	61000000	70999999	260	269	10	0	loss	NA	0	NA	NA	tutorial_fixture	false	tutorial_fixture;not_inference_output
O5	Tumor	observation	chr3	71000000	80999999	270	279	10	0	loss	NA	0	NA	NA	tutorial_fixture	false	tutorial_fixture;not_inference_output
O5	Tumor	observation	chr3	81000000	90999999	280	289	10	1	neutral	NA	1	NA	NA	tutorial_fixture	false	tutorial_fixture;not_inference_output
O5	Tumor	observation	chr3	91000000	100999999	290	299	10	0	loss	NA	0	NA	NA	tutorial_fixture	false	tutorial_fixture;not_inference_output
O5	Tumor	observation	chr4	1000000	10999999	300	309	10	1	neutral	NA	1	NA	NA	tutorial_fixture	false	tutorial_fixture;not_inference_output
O5	Tumor	observation	chr4	11000000	20999999	310	319	10	1	neutral	NA	1	NA	NA	tutorial_fixture	false	tutorial_fixture;not_inference_output
O5	Tumor	observation	chr4	21000000	30999999	320	329	10	1	neutral	NA	1	NA	NA	tutorial_fixture	false	tutorial_fixture;not_inference_output
O5	Tumor	observation	chr4	31000000	40999999	330	339	10	1	neutral	NA	1	NA	NA	tutorial_fixture	false	tutorial_fixture;not_inference_output
O5	Tumor	observation	chr4	41000000	50999999	340	349	10	1	neutral	NA	1	NA	NA	tutorial_fixture	false	tutorial_fixture;not_inference_output
O5	Tumor	observation	chr4	51000000	60999999	350	359	10	1	neutral	NA	1	NA	NA	tutorial_fixture	false	tutorial_fixture;not_inference_output
O5	Tumor	observation	chr4	61000000	70999999	360	369	10	1	neutral	NA	1	NA	NA	tutorial_fixture	false	tutorial_fixture;not_inference_output
O5	Tumor	observation	chr4	71000000	80999999	370	379	10	1	neutral	NA	1	NA	NA	tutorial_fixture	false	tutorial_fixture;not_inference_output
O5	Tumor	observation	chr4	81000000	90999999	380	389	10	1	neutral	NA	1	NA	NA	tutorial_fixture	false	tutorial_fixture;not_inference_output
O5	Tumor	observation	chr4	91000000	100999999	390	399	10	1	neutral	NA	1	NA	NA	tutorial_fixture	false	tutorial_fixture;not_inference_output
O6	Tumor	observation	chr1	1000000	10999999	0	9	10	1	neutral	NA	1	NA	NA	tutorial_fixture	false	tutorial_fixture;not_inference_output
O6	Tumor	observation	chr1	11000000	20999999	10	19	10	1	neutral	NA	1	NA	NA	tutorial_fixture	false	tutorial_fixture;not_inference_output
O6	Tumor	observation	chr1	21000000	30999999	20	29	10	1	neutral	NA	1	NA	NA	tutorial_fixture	false	tutorial_fixture;not_inference_output
O6	Tumor	observation	chr1	31000000	40999999	30	39	10	1	neutral	NA	1	NA	NA	tutorial_fixture	false	tutorial_fixture;not_inference_output
O6	Tumor	observation	chr1	41000000	50999999	40	49	10	1	neutral	NA	1	NA	NA	tutorial_fixture	false	tutorial_fixture;not_inference_output
O6	Tumor	observation	chr1	51000000	60999999	50	59	10	1	neutral	NA	1	NA	NA	tutorial_fixture	false	tutorial_fixture;not_inference_output
O6	Tumor	observation	chr1	61000000	70999999	60	69	10	1	neutral	NA	1	NA	NA	tutorial_fixture	false	tutorial_fixture;not_inference_output
O6	Tumor	observation	chr1	71000000	80999999	70	79	10	1	neutral	NA	1	NA	NA	tutorial_fixture	false	tutorial_fixture;not_inference_output
O6	Tumor	observation	chr1	81000000	90999999	80	89	10	1	neutral	NA	1	NA	NA	tutorial_fixture	false	tutorial_fixture;not_inference_output
O6	Tumor	observation	chr1	91000000	100999999	90	99	10	1	neutral	NA	1	NA	NA	tutorial_fixture	false	tutorial_fixture;not_inference_output
O6	Tumor	observation	chr2	1000000	10999999	100	109	10	2	gain	NA	2	NA	NA	tutorial_fixture	false	tutorial_fixture;not_inference_output
O6	Tumor	observation	chr2	11000000	20999999	110	119	10	2	gain	NA	2	NA	NA	tutorial_fixture	false	tutorial_fixture;not_inference_output
O6	Tumor	observation	chr2	21000000	30999999	120	129	10	1	neutral	NA	1	NA	NA	tutorial_fixture	false	tutorial_fixture;not_inference_output
O6	Tumor	observation	chr2	31000000	40999999	130	139	10	2	gain	NA	2	NA	NA	tutorial_fixture	false	tutorial_fixture;not_inference_output
O6	Tumor	observation	chr2	41000000	50999999	140	149	10	2	gain	NA	2	NA	NA	tutorial_fixture	false	tutorial_fixture;not_inference_output
O6	Tumor	observation	chr2	51000000	60999999	150	159	10	2	gain	NA	2	NA	NA	tutorial_fixture	false	tutorial_fixture;not_inference_output
O6	Tumor	observation	chr2	61000000	70999999	160	169	10	2	gain	NA	2	NA	NA	tutorial_fixture	false	tutorial_fixture;not_inference_output
O6	Tumor	observation	chr2	71000000	80999999	170	179	10	1	neutral	NA	1	NA	NA	tutorial_fixture	false	tutorial_fixture;not_inference_output
O6	Tumor	observation	chr2	81000000	90999999	180	189	10	2	gain	NA	2	NA	NA	tutorial_fixture	false	tutorial_fixture;not_inference_output
O6	Tumor	observation	chr2	91000000	100999999	190	199	10	2	gain	NA	2	NA	NA	tutorial_fixture	false	tutorial_fixture;not_inference_output
O6	Tumor	observation	chr3	1000000	10999999	200	209	10	0	loss	NA	0	NA	NA	tutorial_fixture	false	tutorial_fixture;not_inference_output
O6	Tumor	observation	chr3	11000000	20999999	210	219	10	1	neutral	NA	1	NA	NA	tutorial_fixture	false	tutorial_fixture;not_inference_output
O6	Tumor	observation	chr3	21000000	30999999	220	229	10	0	loss	NA	0	NA	NA	tutorial_fixture	false	tutorial_fixture;not_inference_output
O6	Tumor	observation	chr3	31000000	40999999	230	239	10	0	loss	NA	0	NA	NA	tutorial_fixture	false	tutorial_fixture;not_inference_output
O6	Tumor	observation	chr3	41000000	50999999	240	249	10	0	loss	NA	0	NA	NA	tutorial_fixture	false	tutorial_fixture;not_inference_output
O6	Tumor	observation	chr3	51000000	60999999	250	259	10	0	loss	NA	0	NA	NA	tutorial_fixture	false	tutorial_fixture;not_inference_output
O6	Tumor	observation	chr3	61000000	70999999	260	269	10	0	loss	NA	0	NA	NA	tutorial_fixture	false	tutorial_fixture;not_inference_output
O6	Tumor	observation	chr3	71000000	80999999	270	279	10	0	loss	NA	0	NA	NA	tutorial_fixture	false	tutorial_fixture;not_inference_output
O6	Tumor	observation	chr3	81000000	90999999	280	289	10	1	neutral	NA	1	NA	NA	tutorial_fixture	false	tutorial_fixture;not_inference_output
O6	Tumor	observation	chr3	91000000	100999999	290	299	10	0	loss	NA	0	NA	NA	tutorial_fixture	false	tutorial_fixture;not_inference_output
O6	Tumor	observation	chr4	1000000	10999999	300	309	10	1	neutral	NA	1	NA	NA	tutorial_fixture	false	tutorial_fixture;not_inference_output
O6	Tumor	observation	chr4	11000000	20999999	310	319	10	1	neutral	NA	1	NA	NA	tutorial_fixture	false	tutorial_fixture;not_inference_output
O6	Tumor	observation	chr4	21000000	30999999	320	329	10	1	neutral	NA	1	NA	NA	tutorial_fixture	false	tutorial_fixture;not_inference_output
O6	Tumor	observation	chr4	31000000	40999999	330	339	10	1	neutral	NA	1	NA	NA	tutorial_fixture	false	tutorial_fixture;not_inference_output
O6	Tumor	observation	chr4	41000000	50999999	340	349	10	1	neutral	NA	1	NA	NA	tutorial_fixture	false	tutorial_fixture;not_inference_output
O6	Tumor	observation	chr4	51000000	60999999	350	359	10	1	neutral	NA	1	NA	NA	tutorial_fixture	false	tutorial_fixture;not_inference_output
O6	Tumor	observation	chr4	61000000	70999999	360	369	10	1	neutral	NA	1	NA	NA	tutorial_fixture	false	tutorial_fixture;not_inference_output
O6	Tumor	observation	chr4	71000000	80999999	370	379	10	1	neutral	NA	1	NA	NA	tutorial_fixture	false	tutorial_fixture;not_inference_output
O6	Tumor	observation	chr4	81000000	90999999	380	389	10	1	neutral	NA	1	NA	NA	tutorial_fixture	false	tutorial_fixture;not_inference_output
O6	Tumor	observation	chr4	91000000	100999999	390	399	10	1	neutral	NA	1	NA	NA	tutorial_fixture	false	tutorial_fixture;not_inference_output
O7	Tumor	observation	chr1	1000000	10999999	0	9	10	1	neutral	NA	1	NA	NA	tutorial_fixture	false	tutorial_fixture;not_inference_output
O7	Tumor	observation	chr1	11000000	20999999	10	19	10	1	neutral	NA	1	NA	NA	tutorial_fixture	false	tutorial_fixture;not_inference_output
O7	Tumor	observation	chr1	21000000	30999999	20	29	10	1	neutral	NA	1	NA	NA	tutorial_fixture	false	tutorial_fixture;not_inference_output
O7	Tumor	observation	chr1	31000000	40999999	30	39	10	1	neutral	NA	1	NA	NA	tutorial_fixture	false	tutorial_fixture;not_inference_output
O7	Tumor	observation	chr1	41000000	50999999	40	49	10	1	neutral	NA	1	NA	NA	tutorial_fixture	false	tutorial_fixture;not_inference_output
O7	Tumor	observation	chr1	51000000	60999999	50	59	10	1	neutral	NA	1	NA	NA	tutorial_fixture	false	tutorial_fixture;not_inference_output
O7	Tumor	observation	chr1	61000000	70999999	60	69	10	1	neutral	NA	1	NA	NA	tutorial_fixture	false	tutorial_fixture;not_inference_output
O7	Tumor	observation	chr1	71000000	80999999	70	79	10	1	neutral	NA	1	NA	NA	tutorial_fixture	false	tutorial_fixture;not_inference_output
O7	Tumor	observation	chr1	81000000	90999999	80	89	10	1	neutral	NA	1	NA	NA	tutorial_fixture	false	tutorial_fixture;not_inference_output
O7	Tumor	observation	chr1	91000000	100999999	90	99	10	1	neutral	NA	1	NA	NA	tutorial_fixture	false	tutorial_fixture;not_inference_output
O7	Tumor	observation	chr2	1000000	10999999	100	109	10	2	gain	NA	2	NA	NA	tutorial_fixture	false	tutorial_fixture;not_inference_output
O7	Tumor	observation	chr2	11000000	20999999	110	119	10	2	gain	NA	2	NA	NA	tutorial_fixture	false	tutorial_fixture;not_inference_output
O7	Tumor	observation	chr2	21000000	30999999	120	129	10	1	neutral	NA	1	NA	NA	tutorial_fixture	false	tutorial_fixture;not_inference_output
O7	Tumor	observation	chr2	31000000	40999999	130	139	10	2	gain	NA	2	NA	NA	tutorial_fixture	false	tutorial_fixture;not_inference_output
O7	Tumor	observation	chr2	41000000	50999999	140	149	10	2	gain	NA	2	NA	NA	tutorial_fixture	false	tutorial_fixture;not_inference_output
O7	Tumor	observation	chr2	51000000	60999999	150	159	10	2	gain	NA	2	NA	NA	tutorial_fixture	false	tutorial_fixture;not_inference_output
O7	Tumor	observation	chr2	61000000	70999999	160	169	10	2	gain	NA	2	NA	NA	tutorial_fixture	false	tutorial_fixture;not_inference_output
O7	Tumor	observation	chr2	71000000	80999999	170	179	10	1	neutral	NA	1	NA	NA	tutorial_fixture	false	tutorial_fixture;not_inference_output
O7	Tumor	observation	chr2	81000000	90999999	180	189	10	2	gain	NA	2	NA	NA	tutorial_fixture	false	tutorial_fixture;not_inference_output
O7	Tumor	observation	chr2	91000000	100999999	190	199	10	2	gain	NA	2	NA	NA	tutorial_fixture	false	tutorial_fixture;not_inference_output
O7	Tumor	observation	chr3	1000000	10999999	200	209	10	0	loss	NA	0	NA	NA	tutorial_fixture	false	tutorial_fixture;not_inference_output
O7	Tumor	observation	chr3	11000000	20999999	210	219	10	1	neutral	NA	1	NA	NA	tutorial_fixture	false	tutorial_fixture;not_inference_output
O7	Tumor	observation	chr3	21000000	30999999	220	229	10	0	loss	NA	0	NA	NA	tutorial_fixture	false	tutorial_fixture;not_inference_output
O7	Tumor	observation	chr3	31000000	40999999	230	239	10	0	loss	NA	0	NA	NA	tutorial_fixture	false	tutorial_fixture;not_inference_output
O7	Tumor	observation	chr3	41000000	50999999	240	249	10	0	loss	NA	0	NA	NA	tutorial_fixture	false	tutorial_fixture;not_inference_output
O7	Tumor	observation	chr3	51000000	60999999	250	259	10	0	loss	NA	0	NA	NA	tutorial_fixture	false	tutorial_fixture;not_inference_output
O7	Tumor	observation	chr3	61000000	70999999	260	269	10	0	loss	NA	0	NA	NA	tutorial_fixture	false	tutorial_fixture;not_inference_output
O7	Tumor	observation	chr3	71000000	80999999	270	279	10	0	loss	NA	0	NA	NA	tutorial_fixture	false	tutorial_fixture;not_inference_output
O7	Tumor	observation	chr3	81000000	90999999	280	289	10	1	neutral	NA	1	NA	NA	tutorial_fixture	false	tutorial_fixture;not_inference_output
O7	Tumor	observation	chr3	91000000	100999999	290	299	10	0	loss	NA	0	NA	NA	tutorial_fixture	false	tutorial_fixture;not_inference_output
O7	Tumor	observation	chr4	1000000	10999999	300	309	10	1	neutral	NA	1	NA	NA	tutorial_fixture	false	tutorial_fixture;not_inference_output
O7	Tumor	observation	chr4	11000000	20999999	310	319	10	1	neutral	NA	1	NA	NA	tutorial_fixture	false	tutorial_fixture;not_inference_output
O7	Tumor	observation	chr4	21000000	30999999	320	329	10	1	neutral	NA	1	NA	NA	tutorial_fixture	false	tutorial_fixture;not_inference_output
O7	Tumor	observation	chr4	31000000	40999999	330	339	10	1	neutral	NA	1	NA	NA	tutorial_fixture	false	tutorial_fixture;not_inference_output
O7	Tumor	observation	chr4	41000000	50999999	340	349	10	1	neutral	NA	1	NA	NA	tutorial_fixture	false	tutorial_fixture;not_inference_output
O7	Tumor	observation	chr4	51000000	60999999	350	359	10	1	neutral	NA	1	NA	NA	tutorial_fixture	false	tutorial_fixture;not_inference_output
O7	Tumor	observation	chr4	61000000	70999999	360	369	10	1	neutral	NA	1	NA	NA	tutorial_fixture	false	tutorial_fixture;not_inference_output
O7	Tumor	observation	chr4	71000000	80999999	370	379	10	1	neutral	NA	1	NA	NA	tutorial_fixture	false	tutorial_fixture;not_inference_output
O7	Tumor	observation	chr4	81000000	90999999	380	389	10	1	neutral	NA	1	NA	NA	tutorial_fixture	false	tutorial_fixture;not_inference_output
O7	Tumor	observation	chr4	91000000	100999999	390	399	10	1	neutral	NA	1	NA	NA	tutorial_fixture	false	tutorial_fixture;not_inference_output
O8	Tumor	observation	chr1	1000000	10999999	0	9	10	1	neutral	NA	1	NA	NA	tutorial_fixture	false	tutorial_fixture;not_inference_output
O8	Tumor	observation	chr1	11000000	20999999	10	19	10	1	neutral	NA	1	NA	NA	tutorial_fixture	false	tutorial_fixture;not_inference_output
O8	Tumor	observation	chr1	21000000	30999999	20	29	10	1	neutral	NA	1	NA	NA	tutorial_fixture	false	tutorial_fixture;not_inference_output
O8	Tumor	observation	chr1	31000000	40999999	30	39	10	1	neutral	NA	1	NA	NA	tutorial_fixture	false	tutorial_fixture;not_inference_output
O8	Tumor	observation	chr1	41000000	50999999	40	49	10	1	neutral	NA	1	NA	NA	tutorial_fixture	false	tutorial_fixture;not_inference_output
O8	Tumor	observation	chr1	51000000	60999999	50	59	10	1	neutral	NA	1	NA	NA	tutorial_fixture	false	tutorial_fixture;not_inference_output
O8	Tumor	observation	chr1	61000000	70999999	60	69	10	1	neutral	NA	1	NA	NA	tutorial_fixture	false	tutorial_fixture;not_inference_output
O8	Tumor	observation	chr1	71000000	80999999	70	79	10	1	neutral	NA	1	NA	NA	tutorial_fixture	false	tutorial_fixture;not_inference_output
O8	Tumor	observation	chr1	81000000	90999999	80	89	10	1	neutral	NA	1	NA	NA	tutorial_fixture	false	tutorial_fixture;not_inference_output
O8	Tumor	observation	chr1	91000000	100999999	90	99	10	1	neutral	NA	1	NA	NA	tutorial_fixture	false	tutorial_fixture;not_inference_output
O8	Tumor	observation	chr2	1000000	10999999	100	109	10	2	gain	NA	2	NA	NA	tutorial_fixture	false	tutorial_fixture;not_inference_output
O8	Tumor	observation	chr2	11000000	20999999	110	119	10	2	gain	NA	2	NA	NA	tutorial_fixture	false	tutorial_fixture;not_inference_output
O8	Tumor	observation	chr2	21000000	30999999	120	129	10	1	neutral	NA	1	NA	NA	tutorial_fixture	false	tutorial_fixture;not_inference_output
O8	Tumor	observation	chr2	31000000	40999999	130	139	10	2	gain	NA	2	NA	NA	tutorial_fixture	false	tutorial_fixture;not_inference_output
O8	Tumor	observation	chr2	41000000	50999999	140	149	10	2	gain	NA	2	NA	NA	tutorial_fixture	false	tutorial_fixture;not_inference_output
O8	Tumor	observation	chr2	51000000	60999999	150	159	10	2	gain	NA	2	NA	NA	tutorial_fixture	false	tutorial_fixture;not_inference_output
O8	Tumor	observation	chr2	61000000	70999999	160	169	10	2	gain	NA	2	NA	NA	tutorial_fixture	false	tutorial_fixture;not_inference_output
O8	Tumor	observation	chr2	71000000	80999999	170	179	10	1	neutral	NA	1	NA	NA	tutorial_fixture	false	tutorial_fixture;not_inference_output
O8	Tumor	observation	chr2	81000000	90999999	180	189	10	2	gain	NA	2	NA	NA	tutorial_fixture	false	tutorial_fixture;not_inference_output
O8	Tumor	observation	chr2	91000000	100999999	190	199	10	2	gain	NA	2	NA	NA	tutorial_fixture	false	tutorial_fixture;not_inference_output
O8	Tumor	observation	chr3	1000000	10999999	200	209	10	0	loss	NA	0	NA	NA	tutorial_fixture	false	tutorial_fixture;not_inference_output
O8	Tumor	observation	chr3	11000000	20999999	210	219	10	1	neutral	NA	1	NA	NA	tutorial_fixture	false	tutorial_fixture;not_inference_output
O8	Tumor	observation	chr3	21000000	30999999	220	229	10	0	loss	NA	0	NA	NA	tutorial_fixture	false	tutorial_fixture;not_inference_output
O8	Tumor	observation	chr3	31000000	40999999	230	239	10	0	loss	NA	0	NA	NA	tutorial_fixture	false	tutorial_fixture;not_inference_output
O8	Tumor	observation	chr3	41000000	50999999	240	249	10	0	loss	NA	0	NA	NA	tutorial_fixture	false	tutorial_fixture;not_inference_output
O8	Tumor	observation	chr3	51000000	60999999	250	259	10	0	loss	NA	0	NA	NA	tutorial_fixture	false	tutorial_fixture;not_inference_output
O8	Tumor	observation	chr3	61000000	70999999	260	269	10	0	loss	NA	0	NA	NA	tutorial_fixture	false	tutorial_fixture;not_inference_output
O8	Tumor	observation	chr3	71000000	80999999	270	279	10	0	loss	NA	0	NA	NA	tutorial_fixture	false	tutorial_fixture;not_inference_output
O8	Tumor	observation	chr3	81000000	90999999	280	289	10	1	neutral	NA	1	NA	NA	tutorial_fixture	false	tutorial_fixture;not_inference_output
O8	Tumor	observation	chr3	91000000	100999999	290	299	10	0	loss	NA	0	NA	NA	tutorial_fixture	false	tutorial_fixture;not_inference_output
O8	Tumor	observation	chr4	1000000	10999999	300	309	10	1	neutral	NA	1	NA	NA	tutorial_fixture	false	tutorial_fixture;not_inference_output
O8	Tumor	observation	chr4	11000000	20999999	310	319	10	1	neutral	NA	1	NA	NA	tutorial_fixture	false	tutorial_fixture;not_inference_output
O8	Tumor	observation	chr4	21000000	30999999	320	329	10	1	neutral	NA	1	NA	NA	tutorial_fixture	false	tutorial_fixture;not_inference_output
O8	Tumor	observation	chr4	31000000	40999999	330	339	10	1	neutral	NA	1	NA	NA	tutorial_fixture	false	tutorial_fixture;not_inference_output
O8	Tumor	observation	chr4	41000000	50999999	340	349	10	1	neutral	NA	1	NA	NA	tutorial_fixture	false	tutorial_fixture;not_inference_output
O8	Tumor	observation	chr4	51000000	60999999	350	359	10	1	neutral	NA	1	NA	NA	tutorial_fixture	false	tutorial_fixture;not_inference_output
O8	Tumor	observation	chr4	61000000	70999999	360	369	10	1	neutral	NA	1	NA	NA	tutorial_fixture	false	tutorial_fixture;not_inference_output
O8	Tumor	observation	chr4	71000000	80999999	370	379	10	1	neutral	NA	1	NA	NA	tutorial_fixture	false	tutorial_fixture;not_inference_output
O8	Tumor	observation	chr4	81000000	90999999	380	389	10	1	neutral	NA	1	NA	NA	tutorial_fixture	false	tutorial_fixture;not_inference_output
O8	Tumor	observation	chr4	91000000	100999999	390	399	10	1	neutral	NA	1	NA	NA	tutorial_fixture	false	tutorial_fixture;not_inference_output
O9	Tumor	observation	chr1	1000000	10999999	0	9	10	1	neutral	NA	1	NA	NA	tutorial_fixture	false	tutorial_fixture;not_inference_output
O9	Tumor	observation	chr1	11000000	20999999	10	19	10	1	neutral	NA	1	NA	NA	tutorial_fixture	false	tutorial_fixture;not_inference_output
O9	Tumor	observation	chr1	21000000	30999999	20	29	10	1	neutral	NA	1	NA	NA	tutorial_fixture	false	tutorial_fixture;not_inference_output
O9	Tumor	observation	chr1	31000000	40999999	30	39	10	1	neutral	NA	1	NA	NA	tutorial_fixture	false	tutorial_fixture;not_inference_output
O9	Tumor	observation	chr1	41000000	50999999	40	49	10	1	neutral	NA	1	NA	NA	tutorial_fixture	false	tutorial_fixture;not_inference_output
O9	Tumor	observation	chr1	51000000	60999999	50	59	10	1	neutral	NA	1	NA	NA	tutorial_fixture	false	tutorial_fixture;not_inference_output
O9	Tumor	observation	chr1	61000000	70999999	60	69	10	1	neutral	NA	1	NA	NA	tutorial_fixture	false	tutorial_fixture;not_inference_output
O9	Tumor	observation	chr1	71000000	80999999	70	79	10	1	neutral	NA	1	NA	NA	tutorial_fixture	false	tutorial_fixture;not_inference_output
O9	Tumor	observation	chr1	81000000	90999999	80	89	10	1	neutral	NA	1	NA	NA	tutorial_fixture	false	tutorial_fixture;not_inference_output
O9	Tumor	observation	chr1	91000000	100999999	90	99	10	1	neutral	NA	1	NA	NA	tutorial_fixture	false	tutorial_fixture;not_inference_output
O9	Tumor	observation	chr2	1000000	10999999	100	109	10	2	gain	NA	2	NA	NA	tutorial_fixture	false	tutorial_fixture;not_inference_output
O9	Tumor	observation	chr2	11000000	20999999	110	119	10	2	gain	NA	2	NA	NA	tutorial_fixture	false	tutorial_fixture;not_inference_output
O9	Tumor	observation	chr2	21000000	30999999	120	129	10	1	neutral	NA	1	NA	NA	tutorial_fixture	false	tutorial_fixture;not_inference_output
O9	Tumor	observation	chr2	31000000	40999999	130	139	10	2	gain	NA	2	NA	NA	tutorial_fixture	false	tutorial_fixture;not_inference_output
O9	Tumor	observation	chr2	41000000	50999999	140	149	10	2	gain	NA	2	NA	NA	tutorial_fixture	false	tutorial_fixture;not_inference_output
O9	Tumor	observation	chr2	51000000	60999999	150	159	10	2	gain	NA	2	NA	NA	tutorial_fixture	false	tutorial_fixture;not_inference_output
O9	Tumor	observation	chr2	61000000	70999999	160	169	10	2	gain	NA	2	NA	NA	tutorial_fixture	false	tutorial_fixture;not_inference_output
O9	Tumor	observation	chr2	71000000	80999999	170	179	10	1	neutral	NA	1	NA	NA	tutorial_fixture	false	tutorial_fixture;not_inference_output
O9	Tumor	observation	chr2	81000000	90999999	180	189	10	2	gain	NA	2	NA	NA	tutorial_fixture	false	tutorial_fixture;not_inference_output
O9	Tumor	observation	chr2	91000000	100999999	190	199	10	2	gain	NA	2	NA	NA	tutorial_fixture	false	tutorial_fixture;not_inference_output
O9	Tumor	observation	chr3	1000000	10999999	200	209	10	0	loss	NA	0	NA	NA	tutorial_fixture	false	tutorial_fixture;not_inference_output
O9	Tumor	observation	chr3	11000000	20999999	210	219	10	1	neutral	NA	1	NA	NA	tutorial_fixture	false	tutorial_fixture;not_inference_output
O9	Tumor	observation	chr3	21000000	30999999	220	229	10	0	loss	NA	0	NA	NA	tutorial_fixture	false	tutorial_fixture;not_inference_output
O9	Tumor	observation	chr3	31000000	40999999	230	239	10	0	loss	NA	0	NA	NA	tutorial_fixture	false	tutorial_fixture;not_inference_output
O9	Tumor	observation	chr3	41000000	50999999	240	249	10	0	loss	NA	0	NA	NA	tutorial_fixture	false	tutorial_fixture;not_inference_output
O9	Tumor	observation	chr3	51000000	60999999	250	259	10	0	loss	NA	0	NA	NA	tutorial_fixture	false	tutorial_fixture;not_inference_output
O9	Tumor	observation	chr3	61000000	70999999	260	269	10	0	loss	NA	0	NA	NA	tutorial_fixture	false	tutorial_fixture;not_inference_output
O9	Tumor	observation	chr3	71000000	80999999	270	279	10	0	loss	NA	0	NA	NA	tutorial_fixture	false	tutorial_fixture;not_inference_output
O9	Tumor	observation	chr3	81000000	90999999	280	289	10	1	neutral	NA	1	NA	NA	tutorial_fixture	false	tutorial_fixture;not_inference_output
O9	Tumor	observation	chr3	91000000	100999999	290	299	10	0	loss	NA	0	NA	NA	tutorial_fixture	false	tutorial_fixture;not_inference_output
O9	Tumor	observation	chr4	1000000	10999999	300	309	10	1	neutral	NA	1	NA	NA	tutorial_fixture	false	tutorial_fixture;not_inference_output
O9	Tumor	observation	chr4	11000000	20999999	310	319	10	1	neutral	NA	1	NA	NA	tutorial_fixture	false	tutorial_fixture;not_inference_output
O9	Tumor	observation	chr4	21000000	30999999	320	329	10	1	neutral	NA	1	NA	NA	tutorial_fixture	false	tutorial_fixture;not_inference_output
O9	Tumor	observation	chr4	31000000	40999999	330	339	10	1	neutral	NA	1	NA	NA	tutorial_fixture	false	tutorial_fixture;not_inference_output
O9	Tumor	observation	chr4	41000000	50999999	340	349	10	1	neutral	NA	1	NA	NA	tutorial_fixture	false	tutorial_fixture;not_inference_output
O9	Tumor	observation	chr4	51000000	60999999	350	359	10	1	neutral	NA	1	NA	NA	tutorial_fixture	false	tutorial_fixture;not_inference_output
O9	Tumor	observation	chr4	61000000	70999999	360	369	10	1	neutral	NA	1	NA	NA	tutorial_fixture	false	tutorial_fixture;not_inference_output
O9	Tumor	observation	chr4	71000000	80999999	370	379	10	1	neutral	NA	1	NA	NA	tutorial_fixture	false	tutorial_fixture;not_inference_output
O9	Tumor	observation	chr4	81000000	90999999	380	389	10	1	neutral	NA	1	NA	NA	tutorial_fixture	false	tutorial_fixture;not_inference_output
O9	Tumor	observation	chr4	91000000	100999999	390	399	10	1	neutral	NA	1	NA	NA	tutorial_fixture	false	tutorial_fixture;not_inference_output
O10	Tumor	observation	chr1	1000000	10999999	0	9	10	1	neutral	NA	1	NA	NA	tutorial_fixture	false	tutorial_fixture;not_inference_output
O10	Tumor	observation	chr1	11000000	20999999	10	19	10	1	neutral	NA	1	NA	NA	tutorial_fixture	false	tutorial_fixture;not_inference_output
O10	Tumor	observation	chr1	21000000	30999999	20	29	10	1	neutral	NA	1	NA	NA	tutorial_fixture	false	tutorial_fixture;not_inference_output
O10	Tumor	observation	chr1	31000000	40999999	30	39	10	1	neutral	NA	1	NA	NA	tutorial_fixture	false	tutorial_fixture;not_inference_output
O10	Tumor	observation	chr1	41000000	50999999	40	49	10	1	neutral	NA	1	NA	NA	tutorial_fixture	false	tutorial_fixture;not_inference_output
O10	Tumor	observation	chr1	51000000	60999999	50	59	10	1	neutral	NA	1	NA	NA	tutorial_fixture	false	tutorial_fixture;not_inference_output
O10	Tumor	observation	chr1	61000000	70999999	60	69	10	1	neutral	NA	1	NA	NA	tutorial_fixture	false	tutorial_fixture;not_inference_output
O10	Tumor	observation	chr1	71000000	80999999	70	79	10	1	neutral	NA	1	NA	NA	tutorial_fixture	false	tutorial_fixture;not_inference_output
O10	Tumor	observation	chr1	81000000	90999999	80	89	10	1	neutral	NA	1	NA	NA	tutorial_fixture	false	tutorial_fixture;not_inference_output
O10	Tumor	observation	chr1	91000000	100999999	90	99	10	1	neutral	NA	1	NA	NA	tutorial_fixture	false	tutorial_fixture;not_inference_output
O10	Tumor	observation	chr2	1000000	10999999	100	109	10	2	gain	NA	2	NA	NA	tutorial_fixture	false	tutorial_fixture;not_inference_output
O10	Tumor	observation	chr2	11000000	20999999	110	119	10	2	gain	NA	2	NA	NA	tutorial_fixture	false	tutorial_fixture;not_inference_output
O10	Tumor	observation	chr2	21000000	30999999	120	129	10	1	neutral	NA	1	NA	NA	tutorial_fixture	false	tutorial_fixture;not_inference_output
O10	Tumor	observation	chr2	31000000	40999999	130	139	10	2	gain	NA	2	NA	NA	tutorial_fixture	false	tutorial_fixture;not_inference_output
O10	Tumor	observation	chr2	41000000	50999999	140	149	10	2	gain	NA	2	NA	NA	tutorial_fixture	false	tutorial_fixture;not_inference_output
O10	Tumor	observation	chr2	51000000	60999999	150	159	10	2	gain	NA	2	NA	NA	tutorial_fixture	false	tutorial_fixture;not_inference_output
O10	Tumor	observation	chr2	61000000	70999999	160	169	10	2	gain	NA	2	NA	NA	tutorial_fixture	false	tutorial_fixture;not_inference_output
O10	Tumor	observation	chr2	71000000	80999999	170	179	10	1	neutral	NA	1	NA	NA	tutorial_fixture	false	tutorial_fixture;not_inference_output
O10	Tumor	observation	chr2	81000000	90999999	180	189	10	2	gain	NA	2	NA	NA	tutorial_fixture	false	tutorial_fixture;not_inference_output
O10	Tumor	observation	chr2	91000000	100999999	190	199	10	2	gain	NA	2	NA	NA	tutorial_fixture	false	tutorial_fixture;not_inference_output
O10	Tumor	observation	chr3	1000000	10999999	200	209	10	0	loss	NA	0	NA	NA	tutorial_fixture	false	tutorial_fixture;not_inference_output
O10	Tumor	observation	chr3	11000000	20999999	210	219	10	1	neutral	NA	1	NA	NA	tutorial_fixture	false	tutorial_fixture;not_inference_output
O10	Tumor	observation	chr3	21000000	30999999	220	229	10	0	loss	NA	0	NA	NA	tutorial_fixture	false	tutorial_fixture;not_inference_output
O10	Tumor	observation	chr3	31000000	40999999	230	239	10	0	loss	NA	0	NA	NA	tutorial_fixture	false	tutorial_fixture;not_inference_output
O10	Tumor	observation	chr3	41000000	50999999	240	249	10	0	loss	NA	0	NA	NA	tutorial_fixture	false	tutorial_fixture;not_inference_output
O10	Tumor	observation	chr3	51000000	60999999	250	259	10	0	loss	NA	0	NA	NA	tutorial_fixture	false	tutorial_fixture;not_inference_output
O10	Tumor	observation	chr3	61000000	70999999	260	269	10	0	loss	NA	0	NA	NA	tutorial_fixture	false	tutorial_fixture;not_inference_output
O10	Tumor	observation	chr3	71000000	80999999	270	279	10	0	loss	NA	0	NA	NA	tutorial_fixture	false	tutorial_fixture;not_inference_output
O10	Tumor	observation	chr3	81000000	90999999	280	289	10	1	neutral	NA	1	NA	NA	tutorial_fixture	false	tutorial_fixture;not_inference_output
O10	Tumor	observation	chr3	91000000	100999999	290	299	10	0	loss	NA	0	NA	NA	tutorial_fixture	false	tutorial_fixture;not_inference_output
O10	Tumor	observation	chr4	1000000	10999999	300	309	10	1	neutral	NA	1	NA	NA	tutorial_fixture	false	tutorial_fixture;not_inference_output
O10	Tumor	observation	chr4	11000000	20999999	310	319	10	1	neutral	NA	1	NA	NA	tutorial_fixture	false	tutorial_fixture;not_inference_output
O10	Tumor	observation	chr4	21000000	30999999	320	329	10	1	neutral	NA	1	NA	NA	tutorial_fixture	false	tutorial_fixture;not_inference_output
O10	Tumor	observation	chr4	31000000	40999999	330	339	10	1	neutral	NA	1	NA	NA	tutorial_fixture	false	tutorial_fixture;not_inference_output
O10	Tumor	observation	chr4	41000000	50999999	340	349	10	1	neutral	NA	1	NA	NA	tutorial_fixture	false	tutorial_fixture;not_inference_output
O10	Tumor	observation	chr4	51000000	60999999	350	359	10	1	neutral	NA	1	NA	NA	tutorial_fixture	false	tutorial_fixture;not_inference_output
O10	Tumor	observation	chr4	61000000	70999999	360	369	10	1	neutral	NA	1	NA	NA	tutorial_fixture	false	tutorial_fixture;not_inference_output
O10	Tumor	observation	chr4	71000000	80999999	370	379	10	1	neutral	NA	1	NA	NA	tutorial_fixture	false	tutorial_fixture;not_inference_output
O10	Tumor	observation	chr4	81000000	90999999	380	389	10	1	neutral	NA	1	NA	NA	tutorial_fixture	false	tutorial_fixture;not_inference_output
O10	Tumor	observation	chr4	91000000	100999999	390	399	10	1	neutral	NA	1	NA	NA	tutorial_fixture	false	tutorial_fixture;not_inference_output
O11	Tumor	observation	chr1	1000000	10999999	0	9	10	1	neutral	NA	1	NA	NA	tutorial_fixture	false	tutorial_fixture;not_inference_output
O11	Tumor	observation	chr1	11000000	20999999	10	19	10	1	neutral	NA	1	NA	NA	tutorial_fixture	false	tutorial_fixture;not_inference_output
O11	Tumor	observation	chr1	21000000	30999999	20	29	10	1	neutral	NA	1	NA	NA	tutorial_fixture	false	tutorial_fixture;not_inference_output
O11	Tumor	observation	chr1	31000000	40999999	30	39	10	1	neutral	NA	1	NA	NA	tutorial_fixture	false	tutorial_fixture;not_inference_output
O11	Tumor	observation	chr1	41000000	50999999	40	49	10	1	neutral	NA	1	NA	NA	tutorial_fixture	false	tutorial_fixture;not_inference_output
O11	Tumor	observation	chr1	51000000	60999999	50	59	10	1	neutral	NA	1	NA	NA	tutorial_fixture	false	tutorial_fixture;not_inference_output
O11	Tumor	observation	chr1	61000000	70999999	60	69	10	1	neutral	NA	1	NA	NA	tutorial_fixture	false	tutorial_fixture;not_inference_output
O11	Tumor	observation	chr1	71000000	80999999	70	79	10	1	neutral	NA	1	NA	NA	tutorial_fixture	false	tutorial_fixture;not_inference_output
O11	Tumor	observation	chr1	81000000	90999999	80	89	10	1	neutral	NA	1	NA	NA	tutorial_fixture	false	tutorial_fixture;not_inference_output
O11	Tumor	observation	chr1	91000000	100999999	90	99	10	1	neutral	NA	1	NA	NA	tutorial_fixture	false	tutorial_fixture;not_inference_output
O11	Tumor	observation	chr2	1000000	10999999	100	109	10	2	gain	NA	2	NA	NA	tutorial_fixture	false	tutorial_fixture;not_inference_output
O11	Tumor	observation	chr2	11000000	20999999	110	119	10	2	gain	NA	2	NA	NA	tutorial_fixture	false	tutorial_fixture;not_inference_output
O11	Tumor	observation	chr2	21000000	30999999	120	129	10	1	neutral	NA	1	NA	NA	tutorial_fixture	false	tutorial_fixture;not_inference_output
O11	Tumor	observation	chr2	31000000	40999999	130	139	10	2	gain	NA	2	NA	NA	tutorial_fixture	false	tutorial_fixture;not_inference_output
O11	Tumor	observation	chr2	41000000	50999999	140	149	10	2	gain	NA	2	NA	NA	tutorial_fixture	false	tutorial_fixture;not_inference_output
O11	Tumor	observation	chr2	51000000	60999999	150	159	10	2	gain	NA	2	NA	NA	tutorial_fixture	false	tutorial_fixture;not_inference_output
O11	Tumor	observation	chr2	61000000	70999999	160	169	10	2	gain	NA	2	NA	NA	tutorial_fixture	false	tutorial_fixture;not_inference_output
O11	Tumor	observation	chr2	71000000	80999999	170	179	10	1	neutral	NA	1	NA	NA	tutorial_fixture	false	tutorial_fixture;not_inference_output
O11	Tumor	observation	chr2	81000000	90999999	180	189	10	2	gain	NA	2	NA	NA	tutorial_fixture	false	tutorial_fixture;not_inference_output
O11	Tumor	observation	chr2	91000000	100999999	190	199	10	2	gain	NA	2	NA	NA	tutorial_fixture	false	tutorial_fixture;not_inference_output
O11	Tumor	observation	chr3	1000000	10999999	200	209	10	0	loss	NA	0	NA	NA	tutorial_fixture	false	tutorial_fixture;not_inference_output
O11	Tumor	observation	chr3	11000000	20999999	210	219	10	1	neutral	NA	1	NA	NA	tutorial_fixture	false	tutorial_fixture;not_inference_output
O11	Tumor	observation	chr3	21000000	30999999	220	229	10	0	loss	NA	0	NA	NA	tutorial_fixture	false	tutorial_fixture;not_inference_output
O11	Tumor	observation	chr3	31000000	40999999	230	239	10	0	loss	NA	0	NA	NA	tutorial_fixture	false	tutorial_fixture;not_inference_output
O11	Tumor	observation	chr3	41000000	50999999	240	249	10	0	loss	NA	0	NA	NA	tutorial_fixture	false	tutorial_fixture;not_inference_output
O11	Tumor	observation	chr3	51000000	60999999	250	259	10	0	loss	NA	0	NA	NA	tutorial_fixture	false	tutorial_fixture;not_inference_output
O11	Tumor	observation	chr3	61000000	70999999	260	269	10	0	loss	NA	0	NA	NA	tutorial_fixture	false	tutorial_fixture;not_inference_output
O11	Tumor	observation	chr3	71000000	80999999	270	279	10	0	loss	NA	0	NA	NA	tutorial_fixture	false	tutorial_fixture;not_inference_output
O11	Tumor	observation	chr3	81000000	90999999	280	289	10	1	neutral	NA	1	NA	NA	tutorial_fixture	false	tutorial_fixture;not_inference_output
O11	Tumor	observation	chr3	91000000	100999999	290	299	10	0	loss	NA	0	NA	NA	tutorial_fixture	false	tutorial_fixture;not_inference_output
O11	Tumor	observation	chr4	1000000	10999999	300	309	10	1	neutral	NA	1	NA	NA	tutorial_fixture	false	tutorial_fixture;not_inference_output
O11	Tumor	observation	chr4	11000000	20999999	310	319	10	1	neutral	NA	1	NA	NA	tutorial_fixture	false	tutorial_fixture;not_inference_output
O11	Tumor	observation	chr4	21000000	30999999	320	329	10	1	neutral	NA	1	NA	NA	tutorial_fixture	false	tutorial_fixture;not_inference_output
O11	Tumor	observation	chr4	31000000	40999999	330	339	10	1	neutral	NA	1	NA	NA	tutorial_fixture	false	tutorial_fixture;not_inference_output
O11	Tumor	observation	chr4	41000000	50999999	340	349	10	1	neutral	NA	1	NA	NA	tutorial_fixture	false	tutorial_fixture;not_inference_output
O11	Tumor	observation	chr4	51000000	60999999	350	359	10	1	neutral	NA	1	NA	NA	tutorial_fixture	false	tutorial_fixture;not_inference_output
O11	Tumor	observation	chr4	61000000	70999999	360	369	10	1	neutral	NA	1	NA	NA	tutorial_fixture	false	tutorial_fixture;not_inference_output
O11	Tumor	observation	chr4	71000000	80999999	370	379	10	1	neutral	NA	1	NA	NA	tutorial_fixture	false	tutorial_fixture;not_inference_output
O11	Tumor	observation	chr4	81000000	90999999	380	389	10	1	neutral	NA	1	NA	NA	tutorial_fixture	false	tutorial_fixture;not_inference_output
O11	Tumor	observation	chr4	91000000	100999999	390	399	10	1	neutral	NA	1	NA	NA	tutorial_fixture	false	tutorial_fixture;not_inference_output
O12	Tumor	observation	chr1	1000000	10999999	0	9	10	1	neutral	NA	1	NA	NA	tutorial_fixture	false	tutorial_fixture;not_inference_output
O12	Tumor	observation	chr1	11000000	20999999	10	19	10	1	neutral	NA	1	NA	NA	tutorial_fixture	false	tutorial_fixture;not_inference_output
O12	Tumor	observation	chr1	21000000	30999999	20	29	10	1	neutral	NA	1	NA	NA	tutorial_fixture	false	tutorial_fixture;not_inference_output
O12	Tumor	observation	chr1	31000000	40999999	30	39	10	1	neutral	NA	1	NA	NA	tutorial_fixture	false	tutorial_fixture;not_inference_output
O12	Tumor	observation	chr1	41000000	50999999	40	49	10	1	neutral	NA	1	NA	NA	tutorial_fixture	false	tutorial_fixture;not_inference_output
O12	Tumor	observation	chr1	51000000	60999999	50	59	10	1	neutral	NA	1	NA	NA	tutorial_fixture	false	tutorial_fixture;not_inference_output
O12	Tumor	observation	chr1	61000000	70999999	60	69	10	1	neutral	NA	1	NA	NA	tutorial_fixture	false	tutorial_fixture;not_inference_output
O12	Tumor	observation	chr1	71000000	80999999	70	79	10	1	neutral	NA	1	NA	NA	tutorial_fixture	false	tutorial_fixture;not_inference_output
O12	Tumor	observation	chr1	81000000	90999999	80	89	10	1	neutral	NA	1	NA	NA	tutorial_fixture	false	tutorial_fixture;not_inference_output
O12	Tumor	observation	chr1	91000000	100999999	90	99	10	1	neutral	NA	1	NA	NA	tutorial_fixture	false	tutorial_fixture;not_inference_output
O12	Tumor	observation	chr2	1000000	10999999	100	109	10	2	gain	NA	2	NA	NA	tutorial_fixture	false	tutorial_fixture;not_inference_output
O12	Tumor	observation	chr2	11000000	20999999	110	119	10	2	gain	NA	2	NA	NA	tutorial_fixture	false	tutorial_fixture;not_inference_output
O12	Tumor	observation	chr2	21000000	30999999	120	129	10	1	neutral	NA	1	NA	NA	tutorial_fixture	false	tutorial_fixture;not_inference_output
O12	Tumor	observation	chr2	31000000	40999999	130	139	10	2	gain	NA	2	NA	NA	tutorial_fixture	false	tutorial_fixture;not_inference_output
O12	Tumor	observation	chr2	41000000	50999999	140	149	10	2	gain	NA	2	NA	NA	tutorial_fixture	false	tutorial_fixture;not_inference_output
O12	Tumor	observation	chr2	51000000	60999999	150	159	10	2	gain	NA	2	NA	NA	tutorial_fixture	false	tutorial_fixture;not_inference_output
O12	Tumor	observation	chr2	61000000	70999999	160	169	10	2	gain	NA	2	NA	NA	tutorial_fixture	false	tutorial_fixture;not_inference_output
O12	Tumor	observation	chr2	71000000	80999999	170	179	10	1	neutral	NA	1	NA	NA	tutorial_fixture	false	tutorial_fixture;not_inference_output
O12	Tumor	observation	chr2	81000000	90999999	180	189	10	2	gain	NA	2	NA	NA	tutorial_fixture	false	tutorial_fixture;not_inference_output
O12	Tumor	observation	chr2	91000000	100999999	190	199	10	2	gain	NA	2	NA	NA	tutorial_fixture	false	tutorial_fixture;not_inference_output
O12	Tumor	observation	chr3	1000000	10999999	200	209	10	0	loss	NA	0	NA	NA	tutorial_fixture	false	tutorial_fixture;not_inference_output
O12	Tumor	observation	chr3	11000000	20999999	210	219	10	1	neutral	NA	1	NA	NA	tutorial_fixture	false	tutorial_fixture;not_inference_output
O12	Tumor	observation	chr3	21000000	30999999	220	229	10	0	loss	NA	0	NA	NA	tutorial_fixture	false	tutorial_fixture;not_inference_output
O12	Tumor	observation	chr3	31000000	40999999	230	239	10	0	loss	NA	0	NA	NA	tutorial_fixture	false	tutorial_fixture;not_inference_output
O12	Tumor	observation	chr3	41000000	50999999	240	249	10	0	loss	NA	0	NA	NA	tutorial_fixture	false	tutorial_fixture;not_inference_output
O12	Tumor	observation	chr3	51000000	60999999	250	259	10	0	loss	NA	0	NA	NA	tutorial_fixture	false	tutorial_fixture;not_inference_output
O12	Tumor	observation	chr3	61000000	70999999	260	269	10	0	loss	NA	0	NA	NA	tutorial_fixture	false	tutorial_fixture;not_inference_output
O12	Tumor	observation	chr3	71000000	80999999	270	279	10	0	loss	NA	0	NA	NA	tutorial_fixture	false	tutorial_fixture;not_inference_output
O12	Tumor	observation	chr3	81000000	90999999	280	289	10	1	neutral	NA	1	NA	NA	tutorial_fixture	false	tutorial_fixture;not_inference_output
O12	Tumor	observation	chr3	91000000	100999999	290	299	10	0	loss	NA	0	NA	NA	tutorial_fixture	false	tutorial_fixture;not_inference_output
O12	Tumor	observation	chr4	1000000	10999999	300	309	10	1	neutral	NA	1	NA	NA	tutorial_fixture	false	tutorial_fixture;not_inference_output
O12	Tumor	observation	chr4	11000000	20999999	310	319	10	1	neutral	NA	1	NA	NA	tutorial_fixture	false	tutorial_fixture;not_inference_output
O12	Tumor	observation	chr4	21000000	30999999	320	329	10	1	neutral	NA	1	NA	NA	tutorial_fixture	false	tutorial_fixture;not_inference_output
O12	Tumor	observation	chr4	31000000	40999999	330	339	10	1	neutral	NA	1	NA	NA	tutorial_fixture	false	tutorial_fixture;not_inference_output
O12	Tumor	observation	chr4	41000000	50999999	340	349	10	1	neutral	NA	1	NA	NA	tutorial_fixture	false	tutorial_fixture;not_inference_output
O12	Tumor	observation	chr4	51000000	60999999	350	359	10	1	neutral	NA	1	NA	NA	tutorial_fixture	false	tutorial_fixture;not_inference_output
O12	Tumor	observation	chr4	61000000	70999999	360	369	10	1	neutral	NA	1	NA	NA	tutorial_fixture	false	tutorial_fixture;not_inference_output
O12	Tumor	observation	chr4	71000000	80999999	370	379	10	1	neutral	NA	1	NA	NA	tutorial_fixture	false	tutorial_fixture;not_inference_output
O12	Tumor	observation	chr4	81000000	90999999	380	389	10	1	neutral	NA	1	NA	NA	tutorial_fixture	false	tutorial_fixture;not_inference_output
O12	Tumor	observation	chr4	91000000	100999999	390	399	10	1	neutral	NA	1	NA	NA	tutorial_fixture	false	tutorial_fixture;not_inference_output
O13	Tumor	observation	chr1	1000000	10999999	0	9	10	1	neutral	NA	1	NA	NA	tutorial_fixture	false	tutorial_fixture;not_inference_output
O13	Tumor	observation	chr1	11000000	20999999	10	19	10	1	neutral	NA	1	NA	NA	tutorial_fixture	false	tutorial_fixture;not_inference_output
O13	Tumor	observation	chr1	21000000	30999999	20	29	10	1	neutral	NA	1	NA	NA	tutorial_fixture	false	tutorial_fixture;not_inference_output
O13	Tumor	observation	chr1	31000000	40999999	30	39	10	1	neutral	NA	1	NA	NA	tutorial_fixture	false	tutorial_fixture;not_inference_output
O13	Tumor	observation	chr1	41000000	50999999	40	49	10	1	neutral	NA	1	NA	NA	tutorial_fixture	false	tutorial_fixture;not_inference_output
O13	Tumor	observation	chr1	51000000	60999999	50	59	10	1	neutral	NA	1	NA	NA	tutorial_fixture	false	tutorial_fixture;not_inference_output
O13	Tumor	observation	chr1	61000000	70999999	60	69	10	1	neutral	NA	1	NA	NA	tutorial_fixture	false	tutorial_fixture;not_inference_output
O13	Tumor	observation	chr1	71000000	80999999	70	79	10	1	neutral	NA	1	NA	NA	tutorial_fixture	false	tutorial_fixture;not_inference_output
O13	Tumor	observation	chr1	81000000	90999999	80	89	10	1	neutral	NA	1	NA	NA	tutorial_fixture	false	tutorial_fixture;not_inference_output
O13	Tumor	observation	chr1	91000000	100999999	90	99	10	1	neutral	NA	1	NA	NA	tutorial_fixture	false	tutorial_fixture;not_inference_output
O13	Tumor	observation	chr2	1000000	10999999	100	109	10	2	gain	NA	2	NA	NA	tutorial_fixture	false	tutorial_fixture;not_inference_output
O13	Tumor	observation	chr2	11000000	20999999	110	119	10	2	gain	NA	2	NA	NA	tutorial_fixture	false	tutorial_fixture;not_inference_output
O13	Tumor	observation	chr2	21000000	30999999	120	129	10	1	neutral	NA	1	NA	NA	tutorial_fixture	false	tutorial_fixture;not_inference_output
O13	Tumor	observation	chr2	31000000	40999999	130	139	10	2	gain	NA	2	NA	NA	tutorial_fixture	false	tutorial_fixture;not_inference_output
O13	Tumor	observation	chr2	41000000	50999999	140	149	10	2	gain	NA	2	NA	NA	tutorial_fixture	false	tutorial_fixture;not_inference_output
O13	Tumor	observation	chr2	51000000	60999999	150	159	10	2	gain	NA	2	NA	NA	tutorial_fixture	false	tutorial_fixture;not_inference_output
O13	Tumor	observation	chr2	61000000	70999999	160	169	10	2	gain	NA	2	NA	NA	tutorial_fixture	false	tutorial_fixture;not_inference_output
O13	Tumor	observation	chr2	71000000	80999999	170	179	10	1	neutral	NA	1	NA	NA	tutorial_fixture	false	tutorial_fixture;not_inference_output
O13	Tumor	observation	chr2	81000000	90999999	180	189	10	2	gain	NA	2	NA	NA	tutorial_fixture	false	tutorial_fixture;not_inference_output
O13	Tumor	observation	chr2	91000000	100999999	190	199	10	2	gain	NA	2	NA	NA	tutorial_fixture	false	tutorial_fixture;not_inference_output
O13	Tumor	observation	chr3	1000000	10999999	200	209	10	0	loss	NA	0	NA	NA	tutorial_fixture	false	tutorial_fixture;not_inference_output
O13	Tumor	observation	chr3	11000000	20999999	210	219	10	1	neutral	NA	1	NA	NA	tutorial_fixture	false	tutorial_fixture;not_inference_output
O13	Tumor	observation	chr3	21000000	30999999	220	229	10	0	loss	NA	0	NA	NA	tutorial_fixture	false	tutorial_fixture;not_inference_output
O13	Tumor	observation	chr3	31000000	40999999	230	239	10	0	loss	NA	0	NA	NA	tutorial_fixture	false	tutorial_fixture;not_inference_output
O13	Tumor	observation	chr3	41000000	50999999	240	249	10	0	loss	NA	0	NA	NA	tutorial_fixture	false	tutorial_fixture;not_inference_output
O13	Tumor	observation	chr3	51000000	60999999	250	259	10	0	loss	NA	0	NA	NA	tutorial_fixture	false	tutorial_fixture;not_inference_output
O13	Tumor	observation	chr3	61000000	70999999	260	269	10	0	loss	NA	0	NA	NA	tutorial_fixture	false	tutorial_fixture;not_inference_output
O13	Tumor	observation	chr3	71000000	80999999	270	279	10	0	loss	NA	0	NA	NA	tutorial_fixture	false	tutorial_fixture;not_inference_output
O13	Tumor	observation	chr3	81000000	90999999	280	289	10	1	neutral	NA	1	NA	NA	tutorial_fixture	false	tutorial_fixture;not_inference_output
O13	Tumor	observation	chr3	91000000	100999999	290	299	10	0	loss	NA	0	NA	NA	tutorial_fixture	false	tutorial_fixture;not_inference_output
O13	Tumor	observation	chr4	1000000	10999999	300	309	10	1	neutral	NA	1	NA	NA	tutorial_fixture	false	tutorial_fixture;not_inference_output
O13	Tumor	observation	chr4	11000000	20999999	310	319	10	1	neutral	NA	1	NA	NA	tutorial_fixture	false	tutorial_fixture;not_inference_output
O13	Tumor	observation	chr4	21000000	30999999	320	329	10	1	neutral	NA	1	NA	NA	tutorial_fixture	false	tutorial_fixture;not_inference_output
O13	Tumor	observation	chr4	31000000	40999999	330	339	10	1	neutral	NA	1	NA	NA	tutorial_fixture	false	tutorial_fixture;not_inference_output
O13	Tumor	observation	chr4	41000000	50999999	340	349	10	1	neutral	NA	1	NA	NA	tutorial_fixture	false	tutorial_fixture;not_inference_output
O13	Tumor	observation	chr4	51000000	60999999	350	359	10	1	neutral	NA	1	NA	NA	tutorial_fixture	false	tutorial_fixture;not_inference_output
O13	Tumor	observation	chr4	61000000	70999999	360	369	10	1	neutral	NA	1	NA	NA	tutorial_fixture	false	tutorial_fixture;not_inference_output
O13	Tumor	observation	chr4	71000000	80999999	370	379	10	1	neutral	NA	1	NA	NA	tutorial_fixture	false	tutorial_fixture;not_inference_output
O13	Tumor	observation	chr4	81000000	90999999	380	389	10	1	neutral	NA	1	NA	NA	tutorial_fixture	false	tutorial_fixture;not_inference_output
O13	Tumor	observation	chr4	91000000	100999999	390	399	10	1	neutral	NA	1	NA	NA	tutorial_fixture	false	tutorial_fixture;not_inference_output
O14	Tumor	observation	chr1	1000000	10999999	0	9	10	1	neutral	NA	1	NA	NA	tutorial_fixture	false	tutorial_fixture;not_inference_output
O14	Tumor	observation	chr1	11000000	20999999	10	19	10	1	neutral	NA	1	NA	NA	tutorial_fixture	false	tutorial_fixture;not_inference_output
O14	Tumor	observation	chr1	21000000	30999999	20	29	10	1	neutral	NA	1	NA	NA	tutorial_fixture	false	tutorial_fixture;not_inference_output
O14	Tumor	observation	chr1	31000000	40999999	30	39	10	1	neutral	NA	1	NA	NA	tutorial_fixture	false	tutorial_fixture;not_inference_output
O14	Tumor	observation	chr1	41000000	50999999	40	49	10	1	neutral	NA	1	NA	NA	tutorial_fixture	false	tutorial_fixture;not_inference_output
O14	Tumor	observation	chr1	51000000	60999999	50	59	10	1	neutral	NA	1	NA	NA	tutorial_fixture	false	tutorial_fixture;not_inference_output
O14	Tumor	observation	chr1	61000000	70999999	60	69	10	1	neutral	NA	1	NA	NA	tutorial_fixture	false	tutorial_fixture;not_inference_output
O14	Tumor	observation	chr1	71000000	80999999	70	79	10	1	neutral	NA	1	NA	NA	tutorial_fixture	false	tutorial_fixture;not_inference_output
O14	Tumor	observation	chr1	81000000	90999999	80	89	10	1	neutral	NA	1	NA	NA	tutorial_fixture	false	tutorial_fixture;not_inference_output
O14	Tumor	observation	chr1	91000000	100999999	90	99	10	1	neutral	NA	1	NA	NA	tutorial_fixture	false	tutorial_fixture;not_inference_output
O14	Tumor	observation	chr2	1000000	10999999	100	109	10	2	gain	NA	2	NA	NA	tutorial_fixture	false	tutorial_fixture;not_inference_output
O14	Tumor	observation	chr2	11000000	20999999	110	119	10	2	gain	NA	2	NA	NA	tutorial_fixture	false	tutorial_fixture;not_inference_output
O14	Tumor	observation	chr2	21000000	30999999	120	129	10	1	neutral	NA	1	NA	NA	tutorial_fixture	false	tutorial_fixture;not_inference_output
O14	Tumor	observation	chr2	31000000	40999999	130	139	10	2	gain	NA	2	NA	NA	tutorial_fixture	false	tutorial_fixture;not_inference_output
O14	Tumor	observation	chr2	41000000	50999999	140	149	10	2	gain	NA	2	NA	NA	tutorial_fixture	false	tutorial_fixture;not_inference_output
O14	Tumor	observation	chr2	51000000	60999999	150	159	10	2	gain	NA	2	NA	NA	tutorial_fixture	false	tutorial_fixture;not_inference_output
O14	Tumor	observation	chr2	61000000	70999999	160	169	10	2	gain	NA	2	NA	NA	tutorial_fixture	false	tutorial_fixture;not_inference_output
O14	Tumor	observation	chr2	71000000	80999999	170	179	10	1	neutral	NA	1	NA	NA	tutorial_fixture	false	tutorial_fixture;not_inference_output
O14	Tumor	observation	chr2	81000000	90999999	180	189	10	2	gain	NA	2	NA	NA	tutorial_fixture	false	tutorial_fixture;not_inference_output
O14	Tumor	observation	chr2	91000000	100999999	190	199	10	2	gain	NA	2	NA	NA	tutorial_fixture	false	tutorial_fixture;not_inference_output
O14	Tumor	observation	chr3	1000000	10999999	200	209	10	0	loss	NA	0	NA	NA	tutorial_fixture	false	tutorial_fixture;not_inference_output
O14	Tumor	observation	chr3	11000000	20999999	210	219	10	1	neutral	NA	1	NA	NA	tutorial_fixture	false	tutorial_fixture;not_inference_output
O14	Tumor	observation	chr3	21000000	30999999	220	229	10	0	loss	NA	0	NA	NA	tutorial_fixture	false	tutorial_fixture;not_inference_output
O14	Tumor	observation	chr3	31000000	40999999	230	239	10	0	loss	NA	0	NA	NA	tutorial_fixture	false	tutorial_fixture;not_inference_output
O14	Tumor	observation	chr3	41000000	50999999	240	249	10	0	loss	NA	0	NA	NA	tutorial_fixture	false	tutorial_fixture;not_inference_output
O14	Tumor	observation	chr3	51000000	60999999	250	259	10	0	loss	NA	0	NA	NA	tutorial_fixture	false	tutorial_fixture;not_inference_output
O14	Tumor	observation	chr3	61000000	70999999	260	269	10	0	loss	NA	0	NA	NA	tutorial_fixture	false	tutorial_fixture;not_inference_output
O14	Tumor	observation	chr3	71000000	80999999	270	279	10	0	loss	NA	0	NA	NA	tutorial_fixture	false	tutorial_fixture;not_inference_output
O14	Tumor	observation	chr3	81000000	90999999	280	289	10	1	neutral	NA	1	NA	NA	tutorial_fixture	false	tutorial_fixture;not_inference_output
O14	Tumor	observation	chr3	91000000	100999999	290	299	10	0	loss	NA	0	NA	NA	tutorial_fixture	false	tutorial_fixture;not_inference_output
O14	Tumor	observation	chr4	1000000	10999999	300	309	10	1	neutral	NA	1	NA	NA	tutorial_fixture	false	tutorial_fixture;not_inference_output
O14	Tumor	observation	chr4	11000000	20999999	310	319	10	1	neutral	NA	1	NA	NA	tutorial_fixture	false	tutorial_fixture;not_inference_output
O14	Tumor	observation	chr4	21000000	30999999	320	329	10	1	neutral	NA	1	NA	NA	tutorial_fixture	false	tutorial_fixture;not_inference_output
O14	Tumor	observation	chr4	31000000	40999999	330	339	10	1	neutral	NA	1	NA	NA	tutorial_fixture	false	tutorial_fixture;not_inference_output
O14	Tumor	observation	chr4	41000000	50999999	340	349	10	1	neutral	NA	1	NA	NA	tutorial_fixture	false	tutorial_fixture;not_inference_output
O14	Tumor	observation	chr4	51000000	60999999	350	359	10	1	neutral	NA	1	NA	NA	tutorial_fixture	false	tutorial_fixture;not_inference_output
O14	Tumor	observation	chr4	61000000	70999999	360	369	10	1	neutral	NA	1	NA	NA	tutorial_fixture	false	tutorial_fixture;not_inference_output
O14	Tumor	observation	chr4	71000000	80999999	370	379	10	1	neutral	NA	1	NA	NA	tutorial_fixture	false	tutorial_fixture;not_inference_output
O14	Tumor	observation	chr4	81000000	90999999	380	389	10	1	neutral	NA	1	NA	NA	tutorial_fixture	false	tutorial_fixture;not_inference_output
O14	Tumor	observation	chr4	91000000	100999999	390	399	10	1	neutral	NA	1	NA	NA	tutorial_fixture	false	tutorial_fixture;not_inference_output
O15	Tumor	observation	chr1	1000000	10999999	0	9	10	1	neutral	NA	1	NA	NA	tutorial_fixture	false	tutorial_fixture;not_inference_output
O15	Tumor	observation	chr1	11000000	20999999	10	19	10	1	neutral	NA	1	NA	NA	tutorial_fixture	false	tutorial_fixture;not_inference_output
O15	Tumor	observation	chr1	21000000	30999999	20	29	10	1	neutral	NA	1	NA	NA	tutorial_fixture	false	tutorial_fixture;not_inference_output
O15	Tumor	observation	chr1	31000000	40999999	30	39	10	1	neutral	NA	1	NA	NA	tutorial_fixture	false	tutorial_fixture;not_inference_output
O15	Tumor	observation	chr1	41000000	50999999	40	49	10	1	neutral	NA	1	NA	NA	tutorial_fixture	false	tutorial_fixture;not_inference_output
O15	Tumor	observation	chr1	51000000	60999999	50	59	10	1	neutral	NA	1	NA	NA	tutorial_fixture	false	tutorial_fixture;not_inference_output
O15	Tumor	observation	chr1	61000000	70999999	60	69	10	1	neutral	NA	1	NA	NA	tutorial_fixture	false	tutorial_fixture;not_inference_output
O15	Tumor	observation	chr1	71000000	80999999	70	79	10	1	neutral	NA	1	NA	NA	tutorial_fixture	false	tutorial_fixture;not_inference_output
O15	Tumor	observation	chr1	81000000	90999999	80	89	10	1	neutral	NA	1	NA	NA	tutorial_fixture	false	tutorial_fixture;not_inference_output
O15	Tumor	observation	chr1	91000000	100999999	90	99	10	1	neutral	NA	1	NA	NA	tutorial_fixture	false	tutorial_fixture;not_inference_output
O15	Tumor	observation	chr2	1000000	10999999	100	109	10	2	gain	NA	2	NA	NA	tutorial_fixture	false	tutorial_fixture;not_inference_output
O15	Tumor	observation	chr2	11000000	20999999	110	119	10	2	gain	NA	2	NA	NA	tutorial_fixture	false	tutorial_fixture;not_inference_output
O15	Tumor	observation	chr2	21000000	30999999	120	129	10	1	neutral	NA	1	NA	NA	tutorial_fixture	false	tutorial_fixture;not_inference_output
O15	Tumor	observation	chr2	31000000	40999999	130	139	10	2	gain	NA	2	NA	NA	tutorial_fixture	false	tutorial_fixture;not_inference_output
O15	Tumor	observation	chr2	41000000	50999999	140	149	10	2	gain	NA	2	NA	NA	tutorial_fixture	false	tutorial_fixture;not_inference_output
O15	Tumor	observation	chr2	51000000	60999999	150	159	10	2	gain	NA	2	NA	NA	tutorial_fixture	false	tutorial_fixture;not_inference_output
O15	Tumor	observation	chr2	61000000	70999999	160	169	10	2	gain	NA	2	NA	NA	tutorial_fixture	false	tutorial_fixture;not_inference_output
O15	Tumor	observation	chr2	71000000	80999999	170	179	10	1	neutral	NA	1	NA	NA	tutorial_fixture	false	tutorial_fixture;not_inference_output
O15	Tumor	observation	chr2	81000000	90999999	180	189	10	2	gain	NA	2	NA	NA	tutorial_fixture	false	tutorial_fixture;not_inference_output
O15	Tumor	observation	chr2	91000000	100999999	190	199	10	2	gain	NA	2	NA	NA	tutorial_fixture	false	tutorial_fixture;not_inference_output
O15	Tumor	observation	chr3	1000000	10999999	200	209	10	0	loss	NA	0	NA	NA	tutorial_fixture	false	tutorial_fixture;not_inference_output
O15	Tumor	observation	chr3	11000000	20999999	210	219	10	1	neutral	NA	1	NA	NA	tutorial_fixture	false	tutorial_fixture;not_inference_output
O15	Tumor	observation	chr3	21000000	30999999	220	229	10	0	loss	NA	0	NA	NA	tutorial_fixture	false	tutorial_fixture;not_inference_output
O15	Tumor	observation	chr3	31000000	40999999	230	239	10	0	loss	NA	0	NA	NA	tutorial_fixture	false	tutorial_fixture;not_inference_output
O15	Tumor	observation	chr3	41000000	50999999	240	249	10	0	loss	NA	0	NA	NA	tutorial_fixture	false	tutorial_fixture;not_inference_output
O15	Tumor	observation	chr3	51000000	60999999	250	259	10	0	loss	NA	0	NA	NA	tutorial_fixture	false	tutorial_fixture;not_inference_output
O15	Tumor	observation	chr3	61000000	70999999	260	269	10	0	loss	NA	0	NA	NA	tutorial_fixture	false	tutorial_fixture;not_inference_output
O15	Tumor	observation	chr3	71000000	80999999	270	279	10	0	loss	NA	0	NA	NA	tutorial_fixture	false	tutorial_fixture;not_inference_output
O15	Tumor	observation	chr3	81000000	90999999	280	289	10	1	neutral	NA	1	NA	NA	tutorial_fixture	false	tutorial_fixture;not_inference_output
O15	Tumor	observation	chr3	91000000	100999999	290	299	10	0	loss	NA	0	NA	NA	tutorial_fixture	false	tutorial_fixture;not_inference_output
O15	Tumor	observation	chr4	1000000	10999999	300	309	10	1	neutral	NA	1	NA	NA	tutorial_fixture	false	tutorial_fixture;not_inference_output
O15	Tumor	observation	chr4	11000000	20999999	310	319	10	1	neutral	NA	1	NA	NA	tutorial_fixture	false	tutorial_fixture;not_inference_output
O15	Tumor	observation	chr4	21000000	30999999	320	329	10	1	neutral	NA	1	NA	NA	tutorial_fixture	false	tutorial_fixture;not_inference_output
O15	Tumor	observation	chr4	31000000	40999999	330	339	10	1	neutral	NA	1	NA	NA	tutorial_fixture	false	tutorial_fixture;not_inference_output
O15	Tumor	observation	chr4	41000000	50999999	340	349	10	1	neutral	NA	1	NA	NA	tutorial_fixture	false	tutorial_fixture;not_inference_output
O15	Tumor	observation	chr4	51000000	60999999	350	359	10	1	neutral	NA	1	NA	NA	tutorial_fixture	false	tutorial_fixture;not_inference_output
O15	Tumor	observation	chr4	61000000	70999999	360	369	10	1	neutral	NA	1	NA	NA	tutorial_fixture	false	tutorial_fixture;not_inference_output
O15	Tumor	observation	chr4	71000000	80999999	370	379	10	1	neutral	NA	1	NA	NA	tutorial_fixture	false	tutorial_fixture;not_inference_output
O15	Tumor	observation	chr4	81000000	90999999	380	389	10	1	neutral	NA	1	NA	NA	tutorial_fixture	false	tutorial_fixture;not_inference_output
O15	Tumor	observation	chr4	91000000	100999999	390	399	10	1	neutral	NA	1	NA	NA	tutorial_fixture	false	tutorial_fixture;not_inference_output
O16	Tumor	observation	chr1	1000000	10999999	0	9	10	1	neutral	NA	1	NA	NA	tutorial_fixture	false	tutorial_fixture;not_inference_output
O16	Tumor	observation	chr1	11000000	20999999	10	19	10	1	neutral	NA	1	NA	NA	tutorial_fixture	false	tutorial_fixture;not_inference_output
O16	Tumor	observation	chr1	21000000	30999999	20	29	10	1	neutral	NA	1	NA	NA	tutorial_fixture	false	tutorial_fixture;not_inference_output
O16	Tumor	observation	chr1	31000000	40999999	30	39	10	1	neutral	NA	1	NA	NA	tutorial_fixture	false	tutorial_fixture;not_inference_output
O16	Tumor	observation	chr1	41000000	50999999	40	49	10	1	neutral	NA	1	NA	NA	tutorial_fixture	false	tutorial_fixture;not_inference_output
O16	Tumor	observation	chr1	51000000	60999999	50	59	10	1	neutral	NA	1	NA	NA	tutorial_fixture	false	tutorial_fixture;not_inference_output
O16	Tumor	observation	chr1	61000000	70999999	60	69	10	1	neutral	NA	1	NA	NA	tutorial_fixture	false	tutorial_fixture;not_inference_output
O16	Tumor	observation	chr1	71000000	80999999	70	79	10	1	neutral	NA	1	NA	NA	tutorial_fixture	false	tutorial_fixture;not_inference_output
O16	Tumor	observation	chr1	81000000	90999999	80	89	10	1	neutral	NA	1	NA	NA	tutorial_fixture	false	tutorial_fixture;not_inference_output
O16	Tumor	observation	chr1	91000000	100999999	90	99	10	1	neutral	NA	1	NA	NA	tutorial_fixture	false	tutorial_fixture;not_inference_output
O16	Tumor	observation	chr2	1000000	10999999	100	109	10	2	gain	NA	2	NA	NA	tutorial_fixture	false	tutorial_fixture;not_inference_output
O16	Tumor	observation	chr2	11000000	20999999	110	119	10	2	gain	NA	2	NA	NA	tutorial_fixture	false	tutorial_fixture;not_inference_output
O16	Tumor	observation	chr2	21000000	30999999	120	129	10	1	neutral	NA	1	NA	NA	tutorial_fixture	false	tutorial_fixture;not_inference_output
O16	Tumor	observation	chr2	31000000	40999999	130	139	10	2	gain	NA	2	NA	NA	tutorial_fixture	false	tutorial_fixture;not_inference_output
O16	Tumor	observation	chr2	41000000	50999999	140	149	10	2	gain	NA	2	NA	NA	tutorial_fixture	false	tutorial_fixture;not_inference_output
O16	Tumor	observation	chr2	51000000	60999999	150	159	10	2	gain	NA	2	NA	NA	tutorial_fixture	false	tutorial_fixture;not_inference_output
O16	Tumor	observation	chr2	61000000	70999999	160	169	10	2	gain	NA	2	NA	NA	tutorial_fixture	false	tutorial_fixture;not_inference_output
O16	Tumor	observation	chr2	71000000	80999999	170	179	10	1	neutral	NA	1	NA	NA	tutorial_fixture	false	tutorial_fixture;not_inference_output
O16	Tumor	observation	chr2	81000000	90999999	180	189	10	2	gain	NA	2	NA	NA	tutorial_fixture	false	tutorial_fixture;not_inference_output
O16	Tumor	observation	chr2	91000000	100999999	190	199	10	2	gain	NA	2	NA	NA	tutorial_fixture	false	tutorial_fixture;not_inference_output
O16	Tumor	observation	chr3	1000000	10999999	200	209	10	0	loss	NA	0	NA	NA	tutorial_fixture	false	tutorial_fixture;not_inference_output
O16	Tumor	observation	chr3	11000000	20999999	210	219	10	1	neutral	NA	1	NA	NA	tutorial_fixture	false	tutorial_fixture;not_inference_output
O16	Tumor	observation	chr3	21000000	30999999	220	229	10	0	loss	NA	0	NA	NA	tutorial_fixture	false	tutorial_fixture;not_inference_output
O16	Tumor	observation	chr3	31000000	40999999	230	239	10	0	loss	NA	0	NA	NA	tutorial_fixture	false	tutorial_fixture;not_inference_output
O16	Tumor	observation	chr3	41000000	50999999	240	249	10	0	loss	NA	0	NA	NA	tutorial_fixture	false	tutorial_fixture;not_inference_output
O16	Tumor	observation	chr3	51000000	60999999	250	259	10	0	loss	NA	0	NA	NA	tutorial_fixture	false	tutorial_fixture;not_inference_output
O16	Tumor	observation	chr3	61000000	70999999	260	269	10	0	loss	NA	0	NA	NA	tutorial_fixture	false	tutorial_fixture;not_inference_output
O16	Tumor	observation	chr3	71000000	80999999	270	279	10	0	loss	NA	0	NA	NA	tutorial_fixture	false	tutorial_fixture;not_inference_output
O16	Tumor	observation	chr3	81000000	90999999	280	289	10	1	neutral	NA	1	NA	NA	tutorial_fixture	false	tutorial_fixture;not_inference_output
O16	Tumor	observation	chr3	91000000	100999999	290	299	10	0	loss	NA	0	NA	NA	tutorial_fixture	false	tutorial_fixture;not_inference_output
O16	Tumor	observation	chr4	1000000	10999999	300	309	10	1	neutral	NA	1	NA	NA	tutorial_fixture	false	tutorial_fixture;not_inference_output
O16	Tumor	observation	chr4	11000000	20999999	310	319	10	1	neutral	NA	1	NA	NA	tutorial_fixture	false	tutorial_fixture;not_inference_output
O16	Tumor	observation	chr4	21000000	30999999	320	329	10	1	neutral	NA	1	NA	NA	tutorial_fixture	false	tutorial_fixture;not_inference_output
O16	Tumor	observation	chr4	31000000	40999999	330	339	10	1	neutral	NA	1	NA	NA	tutorial_fixture	false	tutorial_fixture;not_inference_output
O16	Tumor	observation	chr4	41000000	50999999	340	349	10	1	neutral	NA	1	NA	NA	tutorial_fixture	false	tutorial_fixture;not_inference_output
O16	Tumor	observation	chr4	51000000	60999999	350	359	10	1	neutral	NA	1	NA	NA	tutorial_fixture	false	tutorial_fixture;not_inference_output
O16	Tumor	observation	chr4	61000000	70999999	360	369	10	1	neutral	NA	1	NA	NA	tutorial_fixture	false	tutorial_fixture;not_inference_output
O16	Tumor	observation	chr4	71000000	80999999	370	379	10	1	neutral	NA	1	NA	NA	tutorial_fixture	false	tutorial_fixture;not_inference_output
O16	Tumor	observation	chr4	81000000	90999999	380	389	10	1	neutral	NA	1	NA	NA	tutorial_fixture	false	tutorial_fixture;not_inference_output
O16	Tumor	observation	chr4	91000000	100999999	390	399	10	1	neutral	NA	1	NA	NA	tutorial_fixture	false	tutorial_fixture;not_inference_output
O17	Tumor	observation	chr1	1000000	10999999	0	9	10	1	neutral	NA	1	NA	NA	tutorial_fixture	false	tutorial_fixture;not_inference_output
O17	Tumor	observation	chr1	11000000	20999999	10	19	10	1	neutral	NA	1	NA	NA	tutorial_fixture	false	tutorial_fixture;not_inference_output
O17	Tumor	observation	chr1	21000000	30999999	20	29	10	1	neutral	NA	1	NA	NA	tutorial_fixture	false	tutorial_fixture;not_inference_output
O17	Tumor	observation	chr1	31000000	40999999	30	39	10	1	neutral	NA	1	NA	NA	tutorial_fixture	false	tutorial_fixture;not_inference_output
O17	Tumor	observation	chr1	41000000	50999999	40	49	10	1	neutral	NA	1	NA	NA	tutorial_fixture	false	tutorial_fixture;not_inference_output
O17	Tumor	observation	chr1	51000000	60999999	50	59	10	1	neutral	NA	1	NA	NA	tutorial_fixture	false	tutorial_fixture;not_inference_output
O17	Tumor	observation	chr1	61000000	70999999	60	69	10	1	neutral	NA	1	NA	NA	tutorial_fixture	false	tutorial_fixture;not_inference_output
O17	Tumor	observation	chr1	71000000	80999999	70	79	10	1	neutral	NA	1	NA	NA	tutorial_fixture	false	tutorial_fixture;not_inference_output
O17	Tumor	observation	chr1	81000000	90999999	80	89	10	1	neutral	NA	1	NA	NA	tutorial_fixture	false	tutorial_fixture;not_inference_output
O17	Tumor	observation	chr1	91000000	100999999	90	99	10	1	neutral	NA	1	NA	NA	tutorial_fixture	false	tutorial_fixture;not_inference_output
O17	Tumor	observation	chr2	1000000	10999999	100	109	10	2	gain	NA	2	NA	NA	tutorial_fixture	false	tutorial_fixture;not_inference_output
O17	Tumor	observation	chr2	11000000	20999999	110	119	10	2	gain	NA	2	NA	NA	tutorial_fixture	false	tutorial_fixture;not_inference_output
O17	Tumor	observation	chr2	21000000	30999999	120	129	10	1	neutral	NA	1	NA	NA	tutorial_fixture	false	tutorial_fixture;not_inference_output
O17	Tumor	observation	chr2	31000000	40999999	130	139	10	2	gain	NA	2	NA	NA	tutorial_fixture	false	tutorial_fixture;not_inference_output
O17	Tumor	observation	chr2	41000000	50999999	140	149	10	2	gain	NA	2	NA	NA	tutorial_fixture	false	tutorial_fixture;not_inference_output
O17	Tumor	observation	chr2	51000000	60999999	150	159	10	2	gain	NA	2	NA	NA	tutorial_fixture	false	tutorial_fixture;not_inference_output
O17	Tumor	observation	chr2	61000000	70999999	160	169	10	2	gain	NA	2	NA	NA	tutorial_fixture	false	tutorial_fixture;not_inference_output
O17	Tumor	observation	chr2	71000000	80999999	170	179	10	1	neutral	NA	1	NA	NA	tutorial_fixture	false	tutorial_fixture;not_inference_output
O17	Tumor	observation	chr2	81000000	90999999	180	189	10	2	gain	NA	2	NA	NA	tutorial_fixture	false	tutorial_fixture;not_inference_output
O17	Tumor	observation	chr2	91000000	100999999	190	199	10	2	gain	NA	2	NA	NA	tutorial_fixture	false	tutorial_fixture;not_inference_output
O17	Tumor	observation	chr3	1000000	10999999	200	209	10	0	loss	NA	0	NA	NA	tutorial_fixture	false	tutorial_fixture;not_inference_output
O17	Tumor	observation	chr3	11000000	20999999	210	219	10	1	neutral	NA	1	NA	NA	tutorial_fixture	false	tutorial_fixture;not_inference_output
O17	Tumor	observation	chr3	21000000	30999999	220	229	10	0	loss	NA	0	NA	NA	tutorial_fixture	false	tutorial_fixture;not_inference_output
O17	Tumor	observation	chr3	31000000	40999999	230	239	10	0	loss	NA	0	NA	NA	tutorial_fixture	false	tutorial_fixture;not_inference_output
O17	Tumor	observation	chr3	41000000	50999999	240	249	10	0	loss	NA	0	NA	NA	tutorial_fixture	false	tutorial_fixture;not_inference_output
O17	Tumor	observation	chr3	51000000	60999999	250	259	10	0	loss	NA	0	NA	NA	tutorial_fixture	false	tutorial_fixture;not_inference_output
O17	Tumor	observation	chr3	61000000	70999999	260	269	10	0	loss	NA	0	NA	NA	tutorial_fixture	false	tutorial_fixture;not_inference_output
O17	Tumor	observation	chr3	71000000	80999999	270	279	10	0	loss	NA	0	NA	NA	tutorial_fixture	false	tutorial_fixture;not_inference_output
O17	Tumor	observation	chr3	81000000	90999999	280	289	10	1	neutral	NA	1	NA	NA	tutorial_fixture	false	tutorial_fixture;not_inference_output
O17	Tumor	observation	chr3	91000000	100999999	290	299	10	0	loss	NA	0	NA	NA	tutorial_fixture	false	tutorial_fixture;not_inference_output
O17	Tumor	observation	chr4	1000000	10999999	300	309	10	1	neutral	NA	1	NA	NA	tutorial_fixture	false	tutorial_fixture;not_inference_output
O17	Tumor	observation	chr4	11000000	20999999	310	319	10	1	neutral	NA	1	NA	NA	tutorial_fixture	false	tutorial_fixture;not_inference_output
O17	Tumor	observation	chr4	21000000	30999999	320	329	10	1	neutral	NA	1	NA	NA	tutorial_fixture	false	tutorial_fixture;not_inference_output
O17	Tumor	observation	chr4	31000000	40999999	330	339	10	1	neutral	NA	1	NA	NA	tutorial_fixture	false	tutorial_fixture;not_inference_output
O17	Tumor	observation	chr4	41000000	50999999	340	349	10	1	neutral	NA	1	NA	NA	tutorial_fixture	false	tutorial_fixture;not_inference_output
O17	Tumor	observation	chr4	51000000	60999999	350	359	10	1	neutral	NA	1	NA	NA	tutorial_fixture	false	tutorial_fixture;not_inference_output
O17	Tumor	observation	chr4	61000000	70999999	360	369	10	1	neutral	NA	1	NA	NA	tutorial_fixture	false	tutorial_fixture;not_inference_output
O17	Tumor	observation	chr4	71000000	80999999	370	379	10	1	neutral	NA	1	NA	NA	tutorial_fixture	false	tutorial_fixture;not_inference_output
O17	Tumor	observation	chr4	81000000	90999999	380	389	10	1	neutral	NA	1	NA	NA	tutorial_fixture	false	tutorial_fixture;not_inference_output
O17	Tumor	observation	chr4	91000000	100999999	390	399	10	1	neutral	NA	1	NA	NA	tutorial_fixture	false	tutorial_fixture;not_inference_output
O18	Tumor	observation	chr1	1000000	10999999	0	9	10	1	neutral	NA	1	NA	NA	tutorial_fixture	false	tutorial_fixture;not_inference_output
O18	Tumor	observation	chr1	11000000	20999999	10	19	10	1	neutral	NA	1	NA	NA	tutorial_fixture	false	tutorial_fixture;not_inference_output
O18	Tumor	observation	chr1	21000000	30999999	20	29	10	1	neutral	NA	1	NA	NA	tutorial_fixture	false	tutorial_fixture;not_inference_output
O18	Tumor	observation	chr1	31000000	40999999	30	39	10	1	neutral	NA	1	NA	NA	tutorial_fixture	false	tutorial_fixture;not_inference_output
O18	Tumor	observation	chr1	41000000	50999999	40	49	10	1	neutral	NA	1	NA	NA	tutorial_fixture	false	tutorial_fixture;not_inference_output
O18	Tumor	observation	chr1	51000000	60999999	50	59	10	1	neutral	NA	1	NA	NA	tutorial_fixture	false	tutorial_fixture;not_inference_output
O18	Tumor	observation	chr1	61000000	70999999	60	69	10	1	neutral	NA	1	NA	NA	tutorial_fixture	false	tutorial_fixture;not_inference_output
O18	Tumor	observation	chr1	71000000	80999999	70	79	10	1	neutral	NA	1	NA	NA	tutorial_fixture	false	tutorial_fixture;not_inference_output
O18	Tumor	observation	chr1	81000000	90999999	80	89	10	1	neutral	NA	1	NA	NA	tutorial_fixture	false	tutorial_fixture;not_inference_output
O18	Tumor	observation	chr1	91000000	100999999	90	99	10	1	neutral	NA	1	NA	NA	tutorial_fixture	false	tutorial_fixture;not_inference_output
O18	Tumor	observation	chr2	1000000	10999999	100	109	10	2	gain	NA	2	NA	NA	tutorial_fixture	false	tutorial_fixture;not_inference_output
O18	Tumor	observation	chr2	11000000	20999999	110	119	10	2	gain	NA	2	NA	NA	tutorial_fixture	false	tutorial_fixture;not_inference_output
O18	Tumor	observation	chr2	21000000	30999999	120	129	10	1	neutral	NA	1	NA	NA	tutorial_fixture	false	tutorial_fixture;not_inference_output
O18	Tumor	observation	chr2	31000000	40999999	130	139	10	2	gain	NA	2	NA	NA	tutorial_fixture	false	tutorial_fixture;not_inference_output
O18	Tumor	observation	chr2	41000000	50999999	140	149	10	2	gain	NA	2	NA	NA	tutorial_fixture	false	tutorial_fixture;not_inference_output
O18	Tumor	observation	chr2	51000000	60999999	150	159	10	2	gain	NA	2	NA	NA	tutorial_fixture	false	tutorial_fixture;not_inference_output
O18	Tumor	observation	chr2	61000000	70999999	160	169	10	2	gain	NA	2	NA	NA	tutorial_fixture	false	tutorial_fixture;not_inference_output
O18	Tumor	observation	chr2	71000000	80999999	170	179	10	1	neutral	NA	1	NA	NA	tutorial_fixture	false	tutorial_fixture;not_inference_output
O18	Tumor	observation	chr2	81000000	90999999	180	189	10	2	gain	NA	2	NA	NA	tutorial_fixture	false	tutorial_fixture;not_inference_output
O18	Tumor	observation	chr2	91000000	100999999	190	199	10	2	gain	NA	2	NA	NA	tutorial_fixture	false	tutorial_fixture;not_inference_output
O18	Tumor	observation	chr3	1000000	10999999	200	209	10	0	loss	NA	0	NA	NA	tutorial_fixture	false	tutorial_fixture;not_inference_output
O18	Tumor	observation	chr3	11000000	20999999	210	219	10	1	neutral	NA	1	NA	NA	tutorial_fixture	false	tutorial_fixture;not_inference_output
O18	Tumor	observation	chr3	21000000	30999999	220	229	10	0	loss	NA	0	NA	NA	tutorial_fixture	false	tutorial_fixture;not_inference_output
O18	Tumor	observation	chr3	31000000	40999999	230	239	10	0	loss	NA	0	NA	NA	tutorial_fixture	false	tutorial_fixture;not_inference_output
O18	Tumor	observation	chr3	41000000	50999999	240	249	10	0	loss	NA	0	NA	NA	tutorial_fixture	false	tutorial_fixture;not_inference_output
O18	Tumor	observation	chr3	51000000	60999999	250	259	10	0	loss	NA	0	NA	NA	tutorial_fixture	false	tutorial_fixture;not_inference_output
O18	Tumor	observation	chr3	61000000	70999999	260	269	10	0	loss	NA	0	NA	NA	tutorial_fixture	false	tutorial_fixture;not_inference_output
O18	Tumor	observation	chr3	71000000	80999999	270	279	10	0	loss	NA	0	NA	NA	tutorial_fixture	false	tutorial_fixture;not_inference_output
O18	Tumor	observation	chr3	81000000	90999999	280	289	10	1	neutral	NA	1	NA	NA	tutorial_fixture	false	tutorial_fixture;not_inference_output
O18	Tumor	observation	chr3	91000000	100999999	290	299	10	0	loss	NA	0	NA	NA	tutorial_fixture	false	tutorial_fixture;not_inference_output
O18	Tumor	observation	chr4	1000000	10999999	300	309	10	1	neutral	NA	1	NA	NA	tutorial_fixture	false	tutorial_fixture;not_inference_output
O18	Tumor	observation	chr4	11000000	20999999	310	319	10	1	neutral	NA	1	NA	NA	tutorial_fixture	false	tutorial_fixture;not_inference_output
O18	Tumor	observation	chr4	21000000	30999999	320	329	10	1	neutral	NA	1	NA	NA	tutorial_fixture	false	tutorial_fixture;not_inference_output
O18	Tumor	observation	chr4	31000000	40999999	330	339	10	1	neutral	NA	1	NA	NA	tutorial_fixture	false	tutorial_fixture;not_inference_output
O18	Tumor	observation	chr4	41000000	50999999	340	349	10	1	neutral	NA	1	NA	NA	tutorial_fixture	false	tutorial_fixture;not_inference_output
O18	Tumor	observation	chr4	51000000	60999999	350	359	10	1	neutral	NA	1	NA	NA	tutorial_fixture	false	tutorial_fixture;not_inference_output
O18	Tumor	observation	chr4	61000000	70999999	360	369	10	1	neutral	NA	1	NA	NA	tutorial_fixture	false	tutorial_fixture;not_inference_output
O18	Tumor	observation	chr4	71000000	80999999	370	379	10	1	neutral	NA	1	NA	NA	tutorial_fixture	false	tutorial_fixture;not_inference_output
O18	Tumor	observation	chr4	81000000	90999999	380	389	10	1	neutral	NA	1	NA	NA	tutorial_fixture	false	tutorial_fixture;not_inference_output
O18	Tumor	observation	chr4	91000000	100999999	390	399	10	1	neutral	NA	1	NA	NA	tutorial_fixture	false	tutorial_fixture;not_inference_output
O19	Tumor	observation	chr1	1000000	10999999	0	9	10	1	neutral	NA	1	NA	NA	tutorial_fixture	false	tutorial_fixture;not_inference_output
O19	Tumor	observation	chr1	11000000	20999999	10	19	10	1	neutral	NA	1	NA	NA	tutorial_fixture	false	tutorial_fixture;not_inference_output
O19	Tumor	observation	chr1	21000000	30999999	20	29	10	1	neutral	NA	1	NA	NA	tutorial_fixture	false	tutorial_fixture;not_inference_output
O19	Tumor	observation	chr1	31000000	40999999	30	39	10	1	neutral	NA	1	NA	NA	tutorial_fixture	false	tutorial_fixture;not_inference_output
O19	Tumor	observation	chr1	41000000	50999999	40	49	10	1	neutral	NA	1	NA	NA	tutorial_fixture	false	tutorial_fixture;not_inference_output
O19	Tumor	observation	chr1	51000000	60999999	50	59	10	1	neutral	NA	1	NA	NA	tutorial_fixture	false	tutorial_fixture;not_inference_output
O19	Tumor	observation	chr1	61000000	70999999	60	69	10	1	neutral	NA	1	NA	NA	tutorial_fixture	false	tutorial_fixture;not_inference_output
O19	Tumor	observation	chr1	71000000	80999999	70	79	10	1	neutral	NA	1	NA	NA	tutorial_fixture	false	tutorial_fixture;not_inference_output
O19	Tumor	observation	chr1	81000000	90999999	80	89	10	1	neutral	NA	1	NA	NA	tutorial_fixture	false	tutorial_fixture;not_inference_output
O19	Tumor	observation	chr1	91000000	100999999	90	99	10	1	neutral	NA	1	NA	NA	tutorial_fixture	false	tutorial_fixture;not_inference_output
O19	Tumor	observation	chr2	1000000	10999999	100	109	10	2	gain	NA	2	NA	NA	tutorial_fixture	false	tutorial_fixture;not_inference_output
O19	Tumor	observation	chr2	11000000	20999999	110	119	10	2	gain	NA	2	NA	NA	tutorial_fixture	false	tutorial_fixture;not_inference_output
O19	Tumor	observation	chr2	21000000	30999999	120	129	10	1	neutral	NA	1	NA	NA	tutorial_fixture	false	tutorial_fixture;not_inference_output
O19	Tumor	observation	chr2	31000000	40999999	130	139	10	2	gain	NA	2	NA	NA	tutorial_fixture	false	tutorial_fixture;not_inference_output
O19	Tumor	observation	chr2	41000000	50999999	140	149	10	2	gain	NA	2	NA	NA	tutorial_fixture	false	tutorial_fixture;not_inference_output
O19	Tumor	observation	chr2	51000000	60999999	150	159	10	2	gain	NA	2	NA	NA	tutorial_fixture	false	tutorial_fixture;not_inference_output
O19	Tumor	observation	chr2	61000000	70999999	160	169	10	2	gain	NA	2	NA	NA	tutorial_fixture	false	tutorial_fixture;not_inference_output
O19	Tumor	observation	chr2	71000000	80999999	170	179	10	1	neutral	NA	1	NA	NA	tutorial_fixture	false	tutorial_fixture;not_inference_output
O19	Tumor	observation	chr2	81000000	90999999	180	189	10	2	gain	NA	2	NA	NA	tutorial_fixture	false	tutorial_fixture;not_inference_output
O19	Tumor	observation	chr2	91000000	100999999	190	199	10	2	gain	NA	2	NA	NA	tutorial_fixture	false	tutorial_fixture;not_inference_output
O19	Tumor	observation	chr3	1000000	10999999	200	209	10	0	loss	NA	0	NA	NA	tutorial_fixture	false	tutorial_fixture;not_inference_output
O19	Tumor	observation	chr3	11000000	20999999	210	219	10	1	neutral	NA	1	NA	NA	tutorial_fixture	false	tutorial_fixture;not_inference_output
O19	Tumor	observation	chr3	21000000	30999999	220	229	10	0	loss	NA	0	NA	NA	tutorial_fixture	false	tutorial_fixture;not_inference_output
O19	Tumor	observation	chr3	31000000	40999999	230	239	10	0	loss	NA	0	NA	NA	tutorial_fixture	false	tutorial_fixture;not_inference_output
O19	Tumor	observation	chr3	41000000	50999999	240	249	10	0	loss	NA	0	NA	NA	tutorial_fixture	false	tutorial_fixture;not_inference_output
O19	Tumor	observation	chr3	51000000	60999999	250	259	10	0	loss	NA	0	NA	NA	tutorial_fixture	false	tutorial_fixture;not_inference_output
O19	Tumor	observation	chr3	61000000	70999999	260	269	10	0	loss	NA	0	NA	NA	tutorial_fixture	false	tutorial_fixture;not_inference_output
O19	Tumor	observation	chr3	71000000	80999999	270	279	10	0	loss	NA	0	NA	NA	tutorial_fixture	false	tutorial_fixture;not_inference_output
O19	Tumor	observation	chr3	81000000	90999999	280	289	10	1	neutral	NA	1	NA	NA	tutorial_fixture	false	tutorial_fixture;not_inference_output
O19	Tumor	observation	chr3	91000000	100999999	290	299	10	0	loss	NA	0	NA	NA	tutorial_fixture	false	tutorial_fixture;not_inference_output
O19	Tumor	observation	chr4	1000000	10999999	300	309	10	1	neutral	NA	1	NA	NA	tutorial_fixture	false	tutorial_fixture;not_inference_output
O19	Tumor	observation	chr4	11000000	20999999	310	319	10	1	neutral	NA	1	NA	NA	tutorial_fixture	false	tutorial_fixture;not_inference_output
O19	Tumor	observation	chr4	21000000	30999999	320	329	10	1	neutral	NA	1	NA	NA	tutorial_fixture	false	tutorial_fixture;not_inference_output
O19	Tumor	observation	chr4	31000000	40999999	330	339	10	1	neutral	NA	1	NA	NA	tutorial_fixture	false	tutorial_fixture;not_inference_output
O19	Tumor	observation	chr4	41000000	50999999	340	349	10	1	neutral	NA	1	NA	NA	tutorial_fixture	false	tutorial_fixture;not_inference_output
O19	Tumor	observation	chr4	51000000	60999999	350	359	10	1	neutral	NA	1	NA	NA	tutorial_fixture	false	tutorial_fixture;not_inference_output
O19	Tumor	observation	chr4	61000000	70999999	360	369	10	1	neutral	NA	1	NA	NA	tutorial_fixture	false	tutorial_fixture;not_inference_output
O19	Tumor	observation	chr4	71000000	80999999	370	379	10	1	neutral	NA	1	NA	NA	tutorial_fixture	false	tutorial_fixture;not_inference_output
O19	Tumor	observation	chr4	81000000	90999999	380	389	10	1	neutral	NA	1	NA	NA	tutorial_fixture	false	tutorial_fixture;not_inference_output
O19	Tumor	observation	chr4	91000000	100999999	390	399	10	1	neutral	NA	1	NA	NA	tutorial_fixture	false	tutorial_fixture;not_inference_output
O20	Tumor	observation	chr1	1000000	10999999	0	9	10	1	neutral	NA	1	NA	NA	tutorial_fixture	false	tutorial_fixture;not_inference_output
O20	Tumor	observation	chr1	11000000	20999999	10	19	10	1	neutral	NA	1	NA	NA	tutorial_fixture	false	tutorial_fixture;not_inference_output
O20	Tumor	observation	chr1	21000000	30999999	20	29	10	1	neutral	NA	1	NA	NA	tutorial_fixture	false	tutorial_fixture;not_inference_output
O20	Tumor	observation	chr1	31000000	40999999	30	39	10	1	neutral	NA	1	NA	NA	tutorial_fixture	false	tutorial_fixture;not_inference_output
O20	Tumor	observation	chr1	41000000	50999999	40	49	10	1	neutral	NA	1	NA	NA	tutorial_fixture	false	tutorial_fixture;not_inference_output
O20	Tumor	observation	chr1	51000000	60999999	50	59	10	1	neutral	NA	1	NA	NA	tutorial_fixture	false	tutorial_fixture;not_inference_output
O20	Tumor	observation	chr1	61000000	70999999	60	69	10	1	neutral	NA	1	NA	NA	tutorial_fixture	false	tutorial_fixture;not_inference_output
O20	Tumor	observation	chr1	71000000	80999999	70	79	10	1	neutral	NA	1	NA	NA	tutorial_fixture	false	tutorial_fixture;not_inference_output
O20	Tumor	observation	chr1	81000000	90999999	80	89	10	1	neutral	NA	1	NA	NA	tutorial_fixture	false	tutorial_fixture;not_inference_output
O20	Tumor	observation	chr1	91000000	100999999	90	99	10	1	neutral	NA	1	NA	NA	tutorial_fixture	false	tutorial_fixture;not_inference_output
O20	Tumor	observation	chr2	1000000	10999999	100	109	10	2	gain	NA	2	NA	NA	tutorial_fixture	false	tutorial_fixture;not_inference_output
O20	Tumor	observation	chr2	11000000	20999999	110	119	10	2	gain	NA	2	NA	NA	tutorial_fixture	false	tutorial_fixture;not_inference_output
O20	Tumor	observation	chr2	21000000	30999999	120	129	10	1	neutral	NA	1	NA	NA	tutorial_fixture	false	tutorial_fixture;not_inference_output
O20	Tumor	observation	chr2	31000000	40999999	130	139	10	2	gain	NA	2	NA	NA	tutorial_fixture	false	tutorial_fixture;not_inference_output
O20	Tumor	observation	chr2	41000000	50999999	140	149	10	2	gain	NA	2	NA	NA	tutorial_fixture	false	tutorial_fixture;not_inference_output
O20	Tumor	observation	chr2	51000000	60999999	150	159	10	2	gain	NA	2	NA	NA	tutorial_fixture	false	tutorial_fixture;not_inference_output
O20	Tumor	observation	chr2	61000000	70999999	160	169	10	2	gain	NA	2	NA	NA	tutorial_fixture	false	tutorial_fixture;not_inference_output
O20	Tumor	observation	chr2	71000000	80999999	170	179	10	1	neutral	NA	1	NA	NA	tutorial_fixture	false	tutorial_fixture;not_inference_output
O20	Tumor	observation	chr2	81000000	90999999	180	189	10	2	gain	NA	2	NA	NA	tutorial_fixture	false	tutorial_fixture;not_inference_output
O20	Tumor	observation	chr2	91000000	100999999	190	199	10	2	gain	NA	2	NA	NA	tutorial_fixture	false	tutorial_fixture;not_inference_output
O20	Tumor	observation	chr3	1000000	10999999	200	209	10	0	loss	NA	0	NA	NA	tutorial_fixture	false	tutorial_fixture;not_inference_output
O20	Tumor	observation	chr3	11000000	20999999	210	219	10	1	neutral	NA	1	NA	NA	tutorial_fixture	false	tutorial_fixture;not_inference_output
O20	Tumor	observation	chr3	21000000	30999999	220	229	10	0	loss	NA	0	NA	NA	tutorial_fixture	false	tutorial_fixture;not_inference_output
O20	Tumor	observation	chr3	31000000	40999999	230	239	10	0	loss	NA	0	NA	NA	tutorial_fixture	false	tutorial_fixture;not_inference_output
O20	Tumor	observation	chr3	41000000	50999999	240	249	10	0	loss	NA	0	NA	NA	tutorial_fixture	false	tutorial_fixture;not_inference_output
O20	Tumor	observation	chr3	51000000	60999999	250	259	10	0	loss	NA	0	NA	NA	tutorial_fixture	false	tutorial_fixture;not_inference_output
O20	Tumor	observation	chr3	61000000	70999999	260	269	10	0	loss	NA	0	NA	NA	tutorial_fixture	false	tutorial_fixture;not_inference_output
O20	Tumor	observation	chr3	71000000	80999999	270	279	10	0	loss	NA	0	NA	NA	tutorial_fixture	false	tutorial_fixture;not_inference_output
O20	Tumor	observation	chr3	81000000	90999999	280	289	10	1	neutral	NA	1	NA	NA	tutorial_fixture	false	tutorial_fixture;not_inference_output
O20	Tumor	observation	chr3	91000000	100999999	290	299	10	0	loss	NA	0	NA	NA	tutorial_fixture	false	tutorial_fixture;not_inference_output
O20	Tumor	observation	chr4	1000000	10999999	300	309	10	1	neutral	NA	1	NA	NA	tutorial_fixture	false	tutorial_fixture;not_inference_output
O20	Tumor	observation	chr4	11000000	20999999	310	319	10	1	neutral	NA	1	NA	NA	tutorial_fixture	false	tutorial_fixture;not_inference_output
O20	Tumor	observation	chr4	21000000	30999999	320	329	10	1	neutral	NA	1	NA	NA	tutorial_fixture	false	tutorial_fixture;not_inference_output
O20	Tumor	observation	chr4	31000000	40999999	330	339	10	1	neutral	NA	1	NA	NA	tutorial_fixture	false	tutorial_fixture;not_inference_output
O20	Tumor	observation	chr4	41000000	50999999	340	349	10	1	neutral	NA	1	NA	NA	tutorial_fixture	false	tutorial_fixture;not_inference_output
O20	Tumor	observation	chr4	51000000	60999999	350	359	10	1	neutral	NA	1	NA	NA	tutorial_fixture	false	tutorial_fixture;not_inference_output
O20	Tumor	observation	chr4	61000000	70999999	360	369	10	1	neutral	NA	1	NA	NA	tutorial_fixture	false	tutorial_fixture;not_inference_output
O20	Tumor	observation	chr4	71000000	80999999	370	379	10	1	neutral	NA	1	NA	NA	tutorial_fixture	false	tutorial_fixture;not_inference_output
O20	Tumor	observation	chr4	81000000	90999999	380	389	10	1	neutral	NA	1	NA	NA	tutorial_fixture	false	tutorial_fixture;not_inference_output
O20	Tumor	observation	chr4	91000000	100999999	390	399	10	1	neutral	NA	1	NA	NA	tutorial_fixture	false	tutorial_fixture;not_inference_output
O21	Tumor	observation	chr1	1000000	10999999	0	9	10	1	neutral	NA	1	NA	NA	tutorial_fixture	false	tutorial_fixture;not_inference_output
O21	Tumor	observation	chr1	11000000	20999999	10	19	10	1	neutral	NA	1	NA	NA	tutorial_fixture	false	tutorial_fixture;not_inference_output
O21	Tumor	observation	chr1	21000000	30999999	20	29	10	1	neutral	NA	1	NA	NA	tutorial_fixture	false	tutorial_fixture;not_inference_output
O21	Tumor	observation	chr1	31000000	40999999	30	39	10	1	neutral	NA	1	NA	NA	tutorial_fixture	false	tutorial_fixture;not_inference_output
O21	Tumor	observation	chr1	41000000	50999999	40	49	10	1	neutral	NA	1	NA	NA	tutorial_fixture	false	tutorial_fixture;not_inference_output
O21	Tumor	observation	chr1	51000000	60999999	50	59	10	1	neutral	NA	1	NA	NA	tutorial_fixture	false	tutorial_fixture;not_inference_output
O21	Tumor	observation	chr1	61000000	70999999	60	69	10	1	neutral	NA	1	NA	NA	tutorial_fixture	false	tutorial_fixture;not_inference_output
O21	Tumor	observation	chr1	71000000	80999999	70	79	10	1	neutral	NA	1	NA	NA	tutorial_fixture	false	tutorial_fixture;not_inference_output
O21	Tumor	observation	chr1	81000000	90999999	80	89	10	1	neutral	NA	1	NA	NA	tutorial_fixture	false	tutorial_fixture;not_inference_output
O21	Tumor	observation	chr1	91000000	100999999	90	99	10	1	neutral	NA	1	NA	NA	tutorial_fixture	false	tutorial_fixture;not_inference_output
O21	Tumor	observation	chr2	1000000	10999999	100	109	10	2	gain	NA	2	NA	NA	tutorial_fixture	false	tutorial_fixture;not_inference_output
O21	Tumor	observation	chr2	11000000	20999999	110	119	10	2	gain	NA	2	NA	NA	tutorial_fixture	false	tutorial_fixture;not_inference_output
O21	Tumor	observation	chr2	21000000	30999999	120	129	10	1	neutral	NA	1	NA	NA	tutorial_fixture	false	tutorial_fixture;not_inference_output
O21	Tumor	observation	chr2	31000000	40999999	130	139	10	2	gain	NA	2	NA	NA	tutorial_fixture	false	tutorial_fixture;not_inference_output
O21	Tumor	observation	chr2	41000000	50999999	140	149	10	2	gain	NA	2	NA	NA	tutorial_fixture	false	tutorial_fixture;not_inference_output
O21	Tumor	observation	chr2	51000000	60999999	150	159	10	2	gain	NA	2	NA	NA	tutorial_fixture	false	tutorial_fixture;not_inference_output
O21	Tumor	observation	chr2	61000000	70999999	160	169	10	2	gain	NA	2	NA	NA	tutorial_fixture	false	tutorial_fixture;not_inference_output
O21	Tumor	observation	chr2	71000000	80999999	170	179	10	1	neutral	NA	1	NA	NA	tutorial_fixture	false	tutorial_fixture;not_inference_output
O21	Tumor	observation	chr2	81000000	90999999	180	189	10	2	gain	NA	2	NA	NA	tutorial_fixture	false	tutorial_fixture;not_inference_output
O21	Tumor	observation	chr2	91000000	100999999	190	199	10	2	gain	NA	2	NA	NA	tutorial_fixture	false	tutorial_fixture;not_inference_output
O21	Tumor	observation	chr3	1000000	10999999	200	209	10	0	loss	NA	0	NA	NA	tutorial_fixture	false	tutorial_fixture;not_inference_output
O21	Tumor	observation	chr3	11000000	20999999	210	219	10	1	neutral	NA	1	NA	NA	tutorial_fixture	false	tutorial_fixture;not_inference_output
O21	Tumor	observation	chr3	21000000	30999999	220	229	10	0	loss	NA	0	NA	NA	tutorial_fixture	false	tutorial_fixture;not_inference_output
O21	Tumor	observation	chr3	31000000	40999999	230	239	10	0	loss	NA	0	NA	NA	tutorial_fixture	false	tutorial_fixture;not_inference_output
O21	Tumor	observation	chr3	41000000	50999999	240	249	10	0	loss	NA	0	NA	NA	tutorial_fixture	false	tutorial_fixture;not_inference_output
O21	Tumor	observation	chr3	51000000	60999999	250	259	10	0	loss	NA	0	NA	NA	tutorial_fixture	false	tutorial_fixture;not_inference_output
O21	Tumor	observation	chr3	61000000	70999999	260	269	10	0	loss	NA	0	NA	NA	tutorial_fixture	false	tutorial_fixture;not_inference_output
O21	Tumor	observation	chr3	71000000	80999999	270	279	10	0	loss	NA	0	NA	NA	tutorial_fixture	false	tutorial_fixture;not_inference_output
O21	Tumor	observation	chr3	81000000	90999999	280	289	10	1	neutral	NA	1	NA	NA	tutorial_fixture	false	tutorial_fixture;not_inference_output
O21	Tumor	observation	chr3	91000000	100999999	290	299	10	0	loss	NA	0	NA	NA	tutorial_fixture	false	tutorial_fixture;not_inference_output
O21	Tumor	observation	chr4	1000000	10999999	300	309	10	1	neutral	NA	1	NA	NA	tutorial_fixture	false	tutorial_fixture;not_inference_output
O21	Tumor	observation	chr4	11000000	20999999	310	319	10	1	neutral	NA	1	NA	NA	tutorial_fixture	false	tutorial_fixture;not_inference_output
O21	Tumor	observation	chr4	21000000	30999999	320	329	10	1	neutral	NA	1	NA	NA	tutorial_fixture	false	tutorial_fixture;not_inference_output
O21	Tumor	observation	chr4	31000000	40999999	330	339	10	1	neutral	NA	1	NA	NA	tutorial_fixture	false	tutorial_fixture;not_inference_output
O21	Tumor	observation	chr4	41000000	50999999	340	349	10	1	neutral	NA	1	NA	NA	tutorial_fixture	false	tutorial_fixture;not_inference_output
O21	Tumor	observation	chr4	51000000	60999999	350	359	10	1	neutral	NA	1	NA	NA	tutorial_fixture	false	tutorial_fixture;not_inference_output
O21	Tumor	observation	chr4	61000000	70999999	360	369	10	1	neutral	NA	1	NA	NA	tutorial_fixture	false	tutorial_fixture;not_inference_output
O21	Tumor	observation	chr4	71000000	80999999	370	379	10	1	neutral	NA	1	NA	NA	tutorial_fixture	false	tutorial_fixture;not_inference_output
O21	Tumor	observation	chr4	81000000	90999999	380	389	10	1	neutral	NA	1	NA	NA	tutorial_fixture	false	tutorial_fixture;not_inference_output
O21	Tumor	observation	chr4	91000000	100999999	390	399	10	1	neutral	NA	1	NA	NA	tutorial_fixture	false	tutorial_fixture;not_inference_output
O22	Tumor	observation	chr1	1000000	10999999	0	9	10	1	neutral	NA	1	NA	NA	tutorial_fixture	false	tutorial_fixture;not_inference_output
O22	Tumor	observation	chr1	11000000	20999999	10	19	10	1	neutral	NA	1	NA	NA	tutorial_fixture	false	tutorial_fixture;not_inference_output
O22	Tumor	observation	chr1	21000000	30999999	20	29	10	1	neutral	NA	1	NA	NA	tutorial_fixture	false	tutorial_fixture;not_inference_output
O22	Tumor	observation	chr1	31000000	40999999	30	39	10	1	neutral	NA	1	NA	NA	tutorial_fixture	false	tutorial_fixture;not_inference_output
O22	Tumor	observation	chr1	41000000	50999999	40	49	10	1	neutral	NA	1	NA	NA	tutorial_fixture	false	tutorial_fixture;not_inference_output
O22	Tumor	observation	chr1	51000000	60999999	50	59	10	1	neutral	NA	1	NA	NA	tutorial_fixture	false	tutorial_fixture;not_inference_output
O22	Tumor	observation	chr1	61000000	70999999	60	69	10	1	neutral	NA	1	NA	NA	tutorial_fixture	false	tutorial_fixture;not_inference_output
O22	Tumor	observation	chr1	71000000	80999999	70	79	10	1	neutral	NA	1	NA	NA	tutorial_fixture	false	tutorial_fixture;not_inference_output
O22	Tumor	observation	chr1	81000000	90999999	80	89	10	1	neutral	NA	1	NA	NA	tutorial_fixture	false	tutorial_fixture;not_inference_output
O22	Tumor	observation	chr1	91000000	100999999	90	99	10	1	neutral	NA	1	NA	NA	tutorial_fixture	false	tutorial_fixture;not_inference_output
O22	Tumor	observation	chr2	1000000	10999999	100	109	10	2	gain	NA	2	NA	NA	tutorial_fixture	false	tutorial_fixture;not_inference_output
O22	Tumor	observation	chr2	11000000	20999999	110	119	10	2	gain	NA	2	NA	NA	tutorial_fixture	false	tutorial_fixture;not_inference_output
O22	Tumor	observation	chr2	21000000	30999999	120	129	10	1	neutral	NA	1	NA	NA	tutorial_fixture	false	tutorial_fixture;not_inference_output
O22	Tumor	observation	chr2	31000000	40999999	130	139	10	2	gain	NA	2	NA	NA	tutorial_fixture	false	tutorial_fixture;not_inference_output
O22	Tumor	observation	chr2	41000000	50999999	140	149	10	2	gain	NA	2	NA	NA	tutorial_fixture	false	tutorial_fixture;not_inference_output
O22	Tumor	observation	chr2	51000000	60999999	150	159	10	2	gain	NA	2	NA	NA	tutorial_fixture	false	tutorial_fixture;not_inference_output
O22	Tumor	observation	chr2	61000000	70999999	160	169	10	2	gain	NA	2	NA	NA	tutorial_fixture	false	tutorial_fixture;not_inference_output
O22	Tumor	observation	chr2	71000000	80999999	170	179	10	1	neutral	NA	1	NA	NA	tutorial_fixture	false	tutorial_fixture;not_inference_output
O22	Tumor	observation	chr2	81000000	90999999	180	189	10	2	gain	NA	2	NA	NA	tutorial_fixture	false	tutorial_fixture;not_inference_output
O22	Tumor	observation	chr2	91000000	100999999	190	199	10	2	gain	NA	2	NA	NA	tutorial_fixture	false	tutorial_fixture;not_inference_output
O22	Tumor	observation	chr3	1000000	10999999	200	209	10	0	loss	NA	0	NA	NA	tutorial_fixture	false	tutorial_fixture;not_inference_output
O22	Tumor	observation	chr3	11000000	20999999	210	219	10	1	neutral	NA	1	NA	NA	tutorial_fixture	false	tutorial_fixture;not_inference_output
O22	Tumor	observation	chr3	21000000	30999999	220	229	10	0	loss	NA	0	NA	NA	tutorial_fixture	false	tutorial_fixture;not_inference_output
O22	Tumor	observation	chr3	31000000	40999999	230	239	10	0	loss	NA	0	NA	NA	tutorial_fixture	false	tutorial_fixture;not_inference_output
O22	Tumor	observation	chr3	41000000	50999999	240	249	10	0	loss	NA	0	NA	NA	tutorial_fixture	false	tutorial_fixture;not_inference_output
O22	Tumor	observation	chr3	51000000	60999999	250	259	10	0	loss	NA	0	NA	NA	tutorial_fixture	false	tutorial_fixture;not_inference_output
O22	Tumor	observation	chr3	61000000	70999999	260	269	10	0	loss	NA	0	NA	NA	tutorial_fixture	false	tutorial_fixture;not_inference_output
O22	Tumor	observation	chr3	71000000	80999999	270	279	10	0	loss	NA	0	NA	NA	tutorial_fixture	false	tutorial_fixture;not_inference_output
O22	Tumor	observation	chr3	81000000	90999999	280	289	10	1	neutral	NA	1	NA	NA	tutorial_fixture	false	tutorial_fixture;not_inference_output
O22	Tumor	observation	chr3	91000000	100999999	290	299	10	0	loss	NA	0	NA	NA	tutorial_fixture	false	tutorial_fixture;not_inference_output
O22	Tumor	observation	chr4	1000000	10999999	300	309	10	1	neutral	NA	1	NA	NA	tutorial_fixture	false	tutorial_fixture;not_inference_output
O22	Tumor	observation	chr4	11000000	20999999	310	319	10	1	neutral	NA	1	NA	NA	tutorial_fixture	false	tutorial_fixture;not_inference_output
O22	Tumor	observation	chr4	21000000	30999999	320	329	10	1	neutral	NA	1	NA	NA	tutorial_fixture	false	tutorial_fixture;not_inference_output
O22	Tumor	observation	chr4	31000000	40999999	330	339	10	1	neutral	NA	1	NA	NA	tutorial_fixture	false	tutorial_fixture;not_inference_output
O22	Tumor	observation	chr4	41000000	50999999	340	349	10	1	neutral	NA	1	NA	NA	tutorial_fixture	false	tutorial_fixture;not_inference_output
O22	Tumor	observation	chr4	51000000	60999999	350	359	10	1	neutral	NA	1	NA	NA	tutorial_fixture	false	tutorial_fixture;not_inference_output
O22	Tumor	observation	chr4	61000000	70999999	360	369	10	1	neutral	NA	1	NA	NA	tutorial_fixture	false	tutorial_fixture;not_inference_output
O22	Tumor	observation	chr4	71000000	80999999	370	379	10	1	neutral	NA	1	NA	NA	tutorial_fixture	false	tutorial_fixture;not_inference_output
O22	Tumor	observation	chr4	81000000	90999999	380	389	10	1	neutral	NA	1	NA	NA	tutorial_fixture	false	tutorial_fixture;not_inference_output
O22	Tumor	observation	chr4	91000000	100999999	390	399	10	1	neutral	NA	1	NA	NA	tutorial_fixture	false	tutorial_fixture;not_inference_output
O23	Tumor	observation	chr1	1000000	10999999	0	9	10	1	neutral	NA	1	NA	NA	tutorial_fixture	false	tutorial_fixture;not_inference_output
O23	Tumor	observation	chr1	11000000	20999999	10	19	10	1	neutral	NA	1	NA	NA	tutorial_fixture	false	tutorial_fixture;not_inference_output
O23	Tumor	observation	chr1	21000000	30999999	20	29	10	1	neutral	NA	1	NA	NA	tutorial_fixture	false	tutorial_fixture;not_inference_output
O23	Tumor	observation	chr1	31000000	40999999	30	39	10	1	neutral	NA	1	NA	NA	tutorial_fixture	false	tutorial_fixture;not_inference_output
O23	Tumor	observation	chr1	41000000	50999999	40	49	10	1	neutral	NA	1	NA	NA	tutorial_fixture	false	tutorial_fixture;not_inference_output
O23	Tumor	observation	chr1	51000000	60999999	50	59	10	1	neutral	NA	1	NA	NA	tutorial_fixture	false	tutorial_fixture;not_inference_output
O23	Tumor	observation	chr1	61000000	70999999	60	69	10	1	neutral	NA	1	NA	NA	tutorial_fixture	false	tutorial_fixture;not_inference_output
O23	Tumor	observation	chr1	71000000	80999999	70	79	10	1	neutral	NA	1	NA	NA	tutorial_fixture	false	tutorial_fixture;not_inference_output
O23	Tumor	observation	chr1	81000000	90999999	80	89	10	1	neutral	NA	1	NA	NA	tutorial_fixture	false	tutorial_fixture;not_inference_output
O23	Tumor	observation	chr1	91000000	100999999	90	99	10	1	neutral	NA	1	NA	NA	tutorial_fixture	false	tutorial_fixture;not_inference_output
O23	Tumor	observation	chr2	1000000	10999999	100	109	10	2	gain	NA	2	NA	NA	tutorial_fixture	false	tutorial_fixture;not_inference_output
O23	Tumor	observation	chr2	11000000	20999999	110	119	10	2	gain	NA	2	NA	NA	tutorial_fixture	false	tutorial_fixture;not_inference_output
O23	Tumor	observation	chr2	21000000	30999999	120	129	10	1	neutral	NA	1	NA	NA	tutorial_fixture	false	tutorial_fixture;not_inference_output
O23	Tumor	observation	chr2	31000000	40999999	130	139	10	2	gain	NA	2	NA	NA	tutorial_fixture	false	tutorial_fixture;not_inference_output
O23	Tumor	observation	chr2	41000000	50999999	140	149	10	2	gain	NA	2	NA	NA	tutorial_fixture	false	tutorial_fixture;not_inference_output
O23	Tumor	observation	chr2	51000000	60999999	150	159	10	2	gain	NA	2	NA	NA	tutorial_fixture	false	tutorial_fixture;not_inference_output
O23	Tumor	observation	chr2	61000000	70999999	160	169	10	2	gain	NA	2	NA	NA	tutorial_fixture	false	tutorial_fixture;not_inference_output
O23	Tumor	observation	chr2	71000000	80999999	170	179	10	1	neutral	NA	1	NA	NA	tutorial_fixture	false	tutorial_fixture;not_inference_output
O23	Tumor	observation	chr2	81000000	90999999	180	189	10	2	gain	NA	2	NA	NA	tutorial_fixture	false	tutorial_fixture;not_inference_output
O23	Tumor	observation	chr2	91000000	100999999	190	199	10	2	gain	NA	2	NA	NA	tutorial_fixture	false	tutorial_fixture;not_inference_output
O23	Tumor	observation	chr3	1000000	10999999	200	209	10	0	loss	NA	0	NA	NA	tutorial_fixture	false	tutorial_fixture;not_inference_output
O23	Tumor	observation	chr3	11000000	20999999	210	219	10	1	neutral	NA	1	NA	NA	tutorial_fixture	false	tutorial_fixture;not_inference_output
O23	Tumor	observation	chr3	21000000	30999999	220	229	10	0	loss	NA	0	NA	NA	tutorial_fixture	false	tutorial_fixture;not_inference_output
O23	Tumor	observation	chr3	31000000	40999999	230	239	10	0	loss	NA	0	NA	NA	tutorial_fixture	false	tutorial_fixture;not_inference_output
O23	Tumor	observation	chr3	41000000	50999999	240	249	10	0	loss	NA	0	NA	NA	tutorial_fixture	false	tutorial_fixture;not_inference_output
O23	Tumor	observation	chr3	51000000	60999999	250	259	10	0	loss	NA	0	NA	NA	tutorial_fixture	false	tutorial_fixture;not_inference_output
O23	Tumor	observation	chr3	61000000	70999999	260	269	10	0	loss	NA	0	NA	NA	tutorial_fixture	false	tutorial_fixture;not_inference_output
O23	Tumor	observation	chr3	71000000	80999999	270	279	10	0	loss	NA	0	NA	NA	tutorial_fixture	false	tutorial_fixture;not_inference_output
O23	Tumor	observation	chr3	81000000	90999999	280	289	10	1	neutral	NA	1	NA	NA	tutorial_fixture	false	tutorial_fixture;not_inference_output
O23	Tumor	observation	chr3	91000000	100999999	290	299	10	0	loss	NA	0	NA	NA	tutorial_fixture	false	tutorial_fixture;not_inference_output
O23	Tumor	observation	chr4	1000000	10999999	300	309	10	1	neutral	NA	1	NA	NA	tutorial_fixture	false	tutorial_fixture;not_inference_output
O23	Tumor	observation	chr4	11000000	20999999	310	319	10	1	neutral	NA	1	NA	NA	tutorial_fixture	false	tutorial_fixture;not_inference_output
O23	Tumor	observation	chr4	21000000	30999999	320	329	10	1	neutral	NA	1	NA	NA	tutorial_fixture	false	tutorial_fixture;not_inference_output
O23	Tumor	observation	chr4	31000000	40999999	330	339	10	1	neutral	NA	1	NA	NA	tutorial_fixture	false	tutorial_fixture;not_inference_output
O23	Tumor	observation	chr4	41000000	50999999	340	349	10	1	neutral	NA	1	NA	NA	tutorial_fixture	false	tutorial_fixture;not_inference_output
O23	Tumor	observation	chr4	51000000	60999999	350	359	10	1	neutral	NA	1	NA	NA	tutorial_fixture	false	tutorial_fixture;not_inference_output
O23	Tumor	observation	chr4	61000000	70999999	360	369	10	1	neutral	NA	1	NA	NA	tutorial_fixture	false	tutorial_fixture;not_inference_output
O23	Tumor	observation	chr4	71000000	80999999	370	379	10	1	neutral	NA	1	NA	NA	tutorial_fixture	false	tutorial_fixture;not_inference_output
O23	Tumor	observation	chr4	81000000	90999999	380	389	10	1	neutral	NA	1	NA	NA	tutorial_fixture	false	tutorial_fixture;not_inference_output
O23	Tumor	observation	chr4	91000000	100999999	390	399	10	1	neutral	NA	1	NA	NA	tutorial_fixture	false	tutorial_fixture;not_inference_output
O24	Tumor	observation	chr1	1000000	10999999	0	9	10	1	neutral	NA	1	NA	NA	tutorial_fixture	false	tutorial_fixture;not_inference_output
O24	Tumor	observation	chr1	11000000	20999999	10	19	10	1	neutral	NA	1	NA	NA	tutorial_fixture	false	tutorial_fixture;not_inference_output
O24	Tumor	observation	chr1	21000000	30999999	20	29	10	1	neutral	NA	1	NA	NA	tutorial_fixture	false	tutorial_fixture;not_inference_output
O24	Tumor	observation	chr1	31000000	40999999	30	39	10	1	neutral	NA	1	NA	NA	tutorial_fixture	false	tutorial_fixture;not_inference_output
O24	Tumor	observation	chr1	41000000	50999999	40	49	10	1	neutral	NA	1	NA	NA	tutorial_fixture	false	tutorial_fixture;not_inference_output
O24	Tumor	observation	chr1	51000000	60999999	50	59	10	1	neutral	NA	1	NA	NA	tutorial_fixture	false	tutorial_fixture;not_inference_output
O24	Tumor	observation	chr1	61000000	70999999	60	69	10	1	neutral	NA	1	NA	NA	tutorial_fixture	false	tutorial_fixture;not_inference_output
O24	Tumor	observation	chr1	71000000	80999999	70	79	10	1	neutral	NA	1	NA	NA	tutorial_fixture	false	tutorial_fixture;not_inference_output
O24	Tumor	observation	chr1	81000000	90999999	80	89	10	1	neutral	NA	1	NA	NA	tutorial_fixture	false	tutorial_fixture;not_inference_output
O24	Tumor	observation	chr1	91000000	100999999	90	99	10	1	neutral	NA	1	NA	NA	tutorial_fixture	false	tutorial_fixture;not_inference_output
O24	Tumor	observation	chr2	1000000	10999999	100	109	10	2	gain	NA	2	NA	NA	tutorial_fixture	false	tutorial_fixture;not_inference_output
O24	Tumor	observation	chr2	11000000	20999999	110	119	10	2	gain	NA	2	NA	NA	tutorial_fixture	false	tutorial_fixture;not_inference_output
O24	Tumor	observation	chr2	21000000	30999999	120	129	10	1	neutral	NA	1	NA	NA	tutorial_fixture	false	tutorial_fixture;not_inference_output
O24	Tumor	observation	chr2	31000000	40999999	130	139	10	2	gain	NA	2	NA	NA	tutorial_fixture	false	tutorial_fixture;not_inference_output
O24	Tumor	observation	chr2	41000000	50999999	140	149	10	2	gain	NA	2	NA	NA	tutorial_fixture	false	tutorial_fixture;not_inference_output
O24	Tumor	observation	chr2	51000000	60999999	150	159	10	2	gain	NA	2	NA	NA	tutorial_fixture	false	tutorial_fixture;not_inference_output
O24	Tumor	observation	chr2	61000000	70999999	160	169	10	2	gain	NA	2	NA	NA	tutorial_fixture	false	tutorial_fixture;not_inference_output
O24	Tumor	observation	chr2	71000000	80999999	170	179	10	1	neutral	NA	1	NA	NA	tutorial_fixture	false	tutorial_fixture;not_inference_output
O24	Tumor	observation	chr2	81000000	90999999	180	189	10	2	gain	NA	2	NA	NA	tutorial_fixture	false	tutorial_fixture;not_inference_output
O24	Tumor	observation	chr2	91000000	100999999	190	199	10	2	gain	NA	2	NA	NA	tutorial_fixture	false	tutorial_fixture;not_inference_output
O24	Tumor	observation	chr3	1000000	10999999	200	209	10	0	loss	NA	0	NA	NA	tutorial_fixture	false	tutorial_fixture;not_inference_output
O24	Tumor	observation	chr3	11000000	20999999	210	219	10	1	neutral	NA	1	NA	NA	tutorial_fixture	false	tutorial_fixture;not_inference_output
O24	Tumor	observation	chr3	21000000	30999999	220	229	10	0	loss	NA	0	NA	NA	tutorial_fixture	false	tutorial_fixture;not_inference_output
O24	Tumor	observation	chr3	31000000	40999999	230	239	10	0	loss	NA	0	NA	NA	tutorial_fixture	false	tutorial_fixture;not_inference_output
O24	Tumor	observation	chr3	41000000	50999999	240	249	10	0	loss	NA	0	NA	NA	tutorial_fixture	false	tutorial_fixture;not_inference_output
O24	Tumor	observation	chr3	51000000	60999999	250	259	10	0	loss	NA	0	NA	NA	tutorial_fixture	false	tutorial_fixture;not_inference_output
O24	Tumor	observation	chr3	61000000	70999999	260	269	10	0	loss	NA	0	NA	NA	tutorial_fixture	false	tutorial_fixture;not_inference_output
O24	Tumor	observation	chr3	71000000	80999999	270	279	10	0	loss	NA	0	NA	NA	tutorial_fixture	false	tutorial_fixture;not_inference_output
O24	Tumor	observation	chr3	81000000	90999999	280	289	10	1	neutral	NA	1	NA	NA	tutorial_fixture	false	tutorial_fixture;not_inference_output
O24	Tumor	observation	chr3	91000000	100999999	290	299	10	0	loss	NA	0	NA	NA	tutorial_fixture	false	tutorial_fixture;not_inference_output
O24	Tumor	observation	chr4	1000000	10999999	300	309	10	1	neutral	NA	1	NA	NA	tutorial_fixture	false	tutorial_fixture;not_inference_output
O24	Tumor	observation	chr4	11000000	20999999	310	319	10	1	neutral	NA	1	NA	NA	tutorial_fixture	false	tutorial_fixture;not_inference_output
O24	Tumor	observation	chr4	21000000	30999999	320	329	10	1	neutral	NA	1	NA	NA	tutorial_fixture	false	tutorial_fixture;not_inference_output
O24	Tumor	observation	chr4	31000000	40999999	330	339	10	1	neutral	NA	1	NA	NA	tutorial_fixture	false	tutorial_fixture;not_inference_output
O24	Tumor	observation	chr4	41000000	50999999	340	349	10	1	neutral	NA	1	NA	NA	tutorial_fixture	false	tutorial_fixture;not_inference_output
O24	Tumor	observation	chr4	51000000	60999999	350	359	10	1	neutral	NA	1	NA	NA	tutorial_fixture	false	tutorial_fixture;not_inference_output
O24	Tumor	observation	chr4	61000000	70999999	360	369	10	1	neutral	NA	1	NA	NA	tutorial_fixture	false	tutorial_fixture;not_inference_output
O24	Tumor	observation	chr4	71000000	80999999	370	379	10	1	neutral	NA	1	NA	NA	tutorial_fixture	false	tutorial_fixture;not_inference_output
O24	Tumor	observation	chr4	81000000	90999999	380	389	10	1	neutral	NA	1	NA	NA	tutorial_fixture	false	tutorial_fixture;not_inference_output
O24	Tumor	observation	chr4	91000000	100999999	390	399	10	1	neutral	NA	1	NA	NA	tutorial_fixture	false	tutorial_fixture;not_inference_output
